NVIDIA RTX PRO 5000 Blackwell,dna_r10.4.1_e8.2_400bps_fast@v5.2.0,64,3.5977e+07,1224722944
NVIDIA RTX PRO 5000 Blackwell,dna_r10.4.1_e8.2_400bps_fast@v5.2.0,128,5.82328e+07,1374173696
NVIDIA RTX PRO 5000 Blackwell,dna_r10.4.1_e8.2_400bps_fast@v5.2.0,192,8.12087e+07,1521529344
NVIDIA RTX PRO 5000 Blackwell,dna_r10.4.1_e8.2_400bps_fast@v5.2.0,256,1.00594e+08,1671619072
NVIDIA RTX PRO 5000 Blackwell,dna_r10.4.1_e8.2_400bps_fast@v5.2.0,320,1.18906e+08,1819134464
NVIDIA RTX PRO 5000 Blackwell,dna_r10.4.1_e8.2_400bps_fast@v5.2.0,384,1.34676e+08,1966648320
NVIDIA RTX PRO 5000 Blackwell,dna_r10.4.1_e8.2_400bps_fast@v5.2.0,448,1.38716e+08,2114163712
NVIDIA RTX PRO 5000 Blackwell,dna_r10.4.1_e8.2_400bps_fast@v5.2.0,512,1.51246e+08,2263773696
NVIDIA RTX PRO 5000 Blackwell,dna_r10.4.1_e8.2_400bps_fast@v5.2.0,576,1.61635e+08,2409849856
NVIDIA RTX PRO 5000 Blackwell,dna_r10.4.1_e8.2_400bps_fast@v5.2.0,640,1.72046e+08,2559833600
NVIDIA RTX PRO 5000 Blackwell,dna_r10.4.1_e8.2_400bps_fast@v5.2.0,704,1.78329e+08,2705770496
NVIDIA RTX PRO 5000 Blackwell,dna_r10.4.1_e8.2_400bps_fast@v5.2.0,768,1.85408e+08,2846332416
NVIDIA RTX PRO 5000 Blackwell,dna_r10.4.1_e8.2_400bps_fast@v5.2.0,832,1.90708e+08,3001652224
NVIDIA RTX PRO 5000 Blackwell,dna_r10.4.1_e8.2_400bps_fast@v5.2.0,896,1.8506e+08,3143782400
NVIDIA RTX PRO 5000 Blackwell,dna_r10.4.1_e8.2_400bps_fast@v5.2.0,960,1.90792e+08,3291471360
NVIDIA RTX PRO 5000 Blackwell,dna_r10.4.1_e8.2_400bps_fast@v5.2.0,1024,1.93258e+08,3446523392
NVIDIA RTX PRO 5000 Blackwell,dna_r10.4.1_e8.2_400bps_fast@v5.2.0,1088,1.99531e+08,3586030592
NVIDIA RTX PRO 5000 Blackwell,dna_r10.4.1_e8.2_400bps_fast@v5.2.0,1152,2.03299e+08,3743216128
NVIDIA RTX PRO 5000 Blackwell,dna_r10.4.1_e8.2_400bps_fast@v5.2.0,1216,2.07543e+08,3894349312
NVIDIA RTX PRO 5000 Blackwell,dna_r10.4.1_e8.2_400bps_fast@v5.2.0,1280,2.10725e+08,4039843840
NVIDIA RTX PRO 5000 Blackwell,dna_r10.4.1_e8.2_400bps_fast@v5.2.0,1344,2.04949e+08,4173843968
NVIDIA RTX PRO 5000 Blackwell,dna_r10.4.1_e8.2_400bps_fast@v5.2.0,1408,2.06176e+08,4309215232
NVIDIA RTX PRO 5000 Blackwell,dna_r10.4.1_e8.2_400bps_fast@v5.2.0,1472,2.09634e+08,4461605888
NVIDIA RTX PRO 5000 Blackwell,dna_r10.4.1_e8.2_400bps_fast@v5.2.0,1536,2.11457e+08,4616796160
NVIDIA RTX PRO 5000 Blackwell,dna_r10.4.1_e8.2_400bps_fast@v5.2.0,1600,2.15392e+08,4755248640
NVIDIA RTX PRO 5000 Blackwell,dna_r10.4.1_e8.2_400bps_fast@v5.2.0,1664,2.17217e+08,4898924544
NVIDIA RTX PRO 5000 Blackwell,dna_r10.4.1_e8.2_400bps_fast@v5.2.0,1728,2.18257e+08,5082153984
NVIDIA RTX PRO 5000 Blackwell,dna_r10.4.1_e8.2_400bps_fast@v5.2.0,1792,2.15038e+08,5194730496
NVIDIA RTX PRO 5000 Blackwell,dna_r10.4.1_e8.2_400bps_fast@v5.2.0,1856,2.17851e+08,5355746304
NVIDIA RTX PRO 5000 Blackwell,dna_r10.4.1_e8.2_400bps_fast@v5.2.0,1920,2.19979e+08,5490405376
NVIDIA RTX PRO 5000 Blackwell,dna_r10.4.1_e8.2_400bps_fast@v5.2.0,1984,2.15358e+08,5634081792
NVIDIA RTX PRO 5000 Blackwell,dna_r10.4.1_e8.2_400bps_fast@v5.2.0,2048,2.18105e+08,5783474688
NVIDIA RTX PRO 5000 Blackwell,dna_r10.4.1_e8.2_400bps_fast@v5.2.0,2112,2.20712e+08,5930418688
NVIDIA RTX PRO 5000 Blackwell,dna_r10.4.1_e8.2_400bps_fast@v5.2.0,2176,2.21943e+08,6075765248
NVIDIA RTX PRO 5000 Blackwell,dna_r10.4.1_e8.2_400bps_fast@v5.2.0,2240,2.16062e+08,6223465472
NVIDIA RTX PRO 5000 Blackwell,dna_r10.4.1_e8.2_400bps_fast@v5.2.0,2304,2.17723e+08,6369237504
NVIDIA RTX PRO 5000 Blackwell,dna_r10.4.1_e8.2_400bps_fast@v5.2.0,2368,2.14384e+08,6517493248
NVIDIA RTX PRO 5000 Blackwell,dna_r10.4.1_e8.2_400bps_fast@v5.2.0,2432,2.15273e+08,6666394112
NVIDIA RTX PRO 5000 Blackwell,dna_r10.4.1_e8.2_400bps_fast@v5.2.0,2496,2.15869e+08,6809003520
NVIDIA RTX PRO 5000 Blackwell,dna_r10.4.1_e8.2_400bps_fast@v5.2.0,2560,2.16253e+08,6958621184
NVIDIA RTX PRO 5000 Blackwell,dna_r10.4.1_e8.2_400bps_fast@v5.2.0,2624,2.21354e+08,7106491904
NVIDIA RTX PRO 5000 Blackwell,dna_r10.4.1_e8.2_400bps_fast@v5.2.0,2688,2.16198e+08,7251118592
NVIDIA RTX PRO 5000 Blackwell,dna_r10.4.1_e8.2_400bps_fast@v5.2.0,2752,2.16119e+08,7402509824
NVIDIA RTX PRO 5000 Blackwell,dna_r10.4.1_e8.2_400bps_fast@v5.2.0,2816,2.16097e+08,7545119232
NVIDIA RTX PRO 5000 Blackwell,dna_r10.4.1_e8.2_400bps_fast@v5.2.0,2880,2.20091e+08,7694349824
NVIDIA RTX PRO 5000 Blackwell,dna_r10.4.1_e8.2_400bps_fast@v5.2.0,2944,2.20235e+08,7841648640
NVIDIA RTX PRO 5000 Blackwell,dna_r10.4.1_e8.2_400bps_fast@v5.2.0,3008,2.18401e+08,7988336128
NVIDIA RTX PRO 5000 Blackwell,dna_r10.4.1_e8.2_400bps_fast@v5.2.0,3072,2.22877e+08,8133681664
NVIDIA RTX PRO 5000 Blackwell,dna_r10.4.1_e8.2_400bps_fast@v5.2.0,3136,2.21444e+08,8279028224
NVIDIA RTX PRO 5000 Blackwell,dna_r10.4.1_e8.2_400bps_fast@v5.2.0,3200,2.19481e+08,8428404736
NVIDIA RTX PRO 5000 Blackwell,dna_r10.4.1_e8.2_400bps_fast@v5.2.0,3264,2.23578e+08,8577732608
NVIDIA RTX PRO 5000 Blackwell,dna_r10.4.1_e8.2_400bps_fast@v5.2.0,3328,2.21978e+08,8721646080
NVIDIA RTX PRO 5000 Blackwell,dna_r10.4.1_e8.2_400bps_fast@v5.2.0,3392,2.26117e+08,8868802048
NVIDIA RTX PRO 5000 Blackwell,dna_r10.4.1_e8.2_400bps_fast@v5.2.0,3456,2.23983e+08,9012051456
NVIDIA RTX PRO 5000 Blackwell,dna_r10.4.1_e8.2_400bps_fast@v5.2.0,3520,2.27478e+08,9161995264
NVIDIA RTX PRO 5000 Blackwell,dna_r10.4.1_e8.2_400bps_fast@v5.2.0,3584,2.2431e+08,9311787520
NVIDIA RTX PRO 5000 Blackwell,dna_r10.4.1_e8.2_400bps_fast@v5.2.0,3648,2.21071e+08,9457761792
NVIDIA RTX PRO 5000 Blackwell,dna_r10.4.1_e8.2_400bps_fast@v5.2.0,3712,2.25303e+08,9604565504
NVIDIA RTX PRO 5000 Blackwell,dna_r10.4.1_e8.2_400bps_fast@v5.2.0,3776,2.2104e+08,9747187712
NVIDIA RTX PRO 5000 Blackwell,dna_r10.4.1_e8.2_400bps_fast@v5.2.0,3840,2.2491e+08,9897150976
NVIDIA RTX PRO 5000 Blackwell,dna_r10.4.1_e8.2_400bps_fast@v5.2.0,3904,2.28537e+08,10045021696
NVIDIA RTX PRO 5000 Blackwell,dna_r10.4.1_e8.2_400bps_fast@v5.2.0,3968,2.25095e+08,10191599104
NVIDIA RTX PRO 5000 Blackwell,dna_r10.4.1_e8.2_400bps_fast@v5.2.0,4032,2.21284e+08,10338584064
NVIDIA RTX PRO 5000 Blackwell,dna_r10.4.1_e8.2_400bps_fast@v5.2.0,4096,2.23419e+08,10487534080
NVIDIA RTX PRO 5000 Blackwell,dna_r10.4.1_e8.2_400bps_fast@v5.2.0,4160,2.1903e+08,10630570496
NVIDIA RTX PRO 5000 Blackwell,dna_r10.4.1_e8.2_400bps_fast@v5.2.0,4224,2.22132e+08,10780178432
NVIDIA RTX PRO 5000 Blackwell,dna_r10.4.1_e8.2_400bps_fast@v5.2.0,4288,2.25039e+08,10924622336
NVIDIA RTX PRO 5000 Blackwell,dna_r10.4.1_e8.2_400bps_fast@v5.2.0,4352,2.20356e+08,11072065024
NVIDIA RTX PRO 5000 Blackwell,dna_r10.4.1_e8.2_400bps_fast@v5.2.0,4416,2.23441e+08,11223600640
NVIDIA RTX PRO 5000 Blackwell,dna_r10.4.1_e8.2_400bps_fast@v5.2.0,4480,2.26218e+08,11368307200
NVIDIA RTX PRO 5000 Blackwell,dna_r10.4.1_e8.2_400bps_fast@v5.2.0,4544,2.20826e+08,11515110912
NVIDIA RTX PRO 5000 Blackwell,dna_r10.4.1_e8.2_400bps_fast@v5.2.0,4608,2.24181e+08,11659817472
NVIDIA RTX PRO 5000 Blackwell,dna_r10.4.1_e8.2_400bps_fast@v5.2.0,4672,2.17891e+08,11809282560
NVIDIA RTX PRO 5000 Blackwell,dna_r10.4.1_e8.2_400bps_fast@v5.2.0,4736,2.21205e+08,11956726272
NVIDIA RTX PRO 5000 Blackwell,dna_r10.4.1_e8.2_400bps_fast@v5.2.0,4800,2.2369e+08,12102072832
NVIDIA RTX PRO 5000 Blackwell,dna_r10.4.1_e8.2_400bps_fast@v5.2.0,4864,2.17327e+08,12251226624
NVIDIA RTX PRO 5000 Blackwell,dna_r10.4.1_e8.2_400bps_fast@v5.2.0,4928,2.19693e+08,12395933184
NVIDIA RTX PRO 5000 Blackwell,dna_r10.4.1_e8.2_400bps_fast@v5.2.0,4992,2.22532e+08,12542736896
NVIDIA RTX PRO 5000 Blackwell,dna_r10.4.1_e8.2_400bps_fast@v5.2.0,5056,2.25014e+08,12691846656
NVIDIA RTX PRO 5000 Blackwell,dna_r10.4.1_e8.2_400bps_fast@v5.2.0,5120,2.18553e+08,12835095040
NVIDIA RTX PRO 5000 Blackwell,dna_r10.4.1_e8.2_400bps_fast@v5.2.0,5184,2.2022e+08,12984635904
NVIDIA RTX PRO 5000 Blackwell,dna_r10.4.1_e8.2_400bps_fast@v5.2.0,5248,2.22627e+08,13134146048
NVIDIA RTX PRO 5000 Blackwell,dna_r10.4.1_e8.2_400bps_fast@v5.2.0,5312,2.25009e+08,13278852608
NVIDIA RTX PRO 5000 Blackwell,dna_r10.4.1_e8.2_400bps_fast@v5.2.0,5376,2.18765e+08,13425656320
NVIDIA RTX PRO 5000 Blackwell,dna_r10.4.1_e8.2_400bps_fast@v5.2.0,5440,2.19629e+08,13570362880
NVIDIA RTX PRO 5000 Blackwell,dna_r10.4.1_e8.2_400bps_fast@v5.2.0,5504,2.22256e+08,13719756288
NVIDIA RTX PRO 5000 Blackwell,dna_r10.4.1_e8.2_400bps_fast@v5.2.0,5568,2.24622e+08,13867200000
NVIDIA RTX PRO 5000 Blackwell,dna_r10.4.1_e8.2_400bps_fast@v5.2.0,5632,2.27543e+08,14012545536
NVIDIA RTX PRO 5000 Blackwell,dna_r10.4.1_e8.2_400bps_fast@v5.2.0,5696,2.1763e+08,14161772032
NVIDIA RTX PRO 5000 Blackwell,dna_r10.4.1_e8.2_400bps_fast@v5.2.0,5760,2.19107e+08,14306478592
NVIDIA RTX PRO 5000 Blackwell,dna_r10.4.1_e8.2_400bps_fast@v5.2.0,5824,2.23625e+08,14453282304
NVIDIA RTX PRO 5000 Blackwell,dna_r10.4.1_e8.2_400bps_fast@v5.2.0,5888,2.25802e+08,14606377472
NVIDIA RTX PRO 5000 Blackwell,dna_r10.4.1_e8.2_400bps_fast@v5.2.0,5952,2.17404e+08,14748986880
NVIDIA RTX PRO 5000 Blackwell,dna_r10.4.1_e8.2_400bps_fast@v5.2.0,6016,2.20327e+08,14899984896
NVIDIA RTX PRO 5000 Blackwell,dna_r10.4.1_e8.2_400bps_fast@v5.2.0,6080,2.21892e+08,15040497152
NVIDIA RTX PRO 5000 Blackwell,dna_r10.4.1_e8.2_400bps_fast@v5.2.0,6144,2.24024e+08,15189398016
NVIDIA RTX PRO 5000 Blackwell,dna_r10.4.1_e8.2_400bps_fast@v5.2.0,6208,2.14637e+08,15336201728
NVIDIA RTX PRO 5000 Blackwell,dna_r10.4.1_e8.2_400bps_fast@v5.2.0,6272,2.16628e+08,15480908288
NVIDIA RTX PRO 5000 Blackwell,dna_r10.4.1_e8.2_400bps_fast@v5.2.0,6336,2.18468e+08,15634003456
NVIDIA RTX PRO 5000 Blackwell,dna_r10.4.1_e8.2_400bps_fast@v5.2.0,6400,2.20787e+08,15780807168
NVIDIA RTX PRO 5000 Blackwell,dna_r10.4.1_e8.2_400bps_fast@v5.2.0,6464,2.22965e+08,15925513728
NVIDIA RTX PRO 5000 Blackwell,dna_r10.4.1_e8.2_400bps_fast@v5.2.0,6528,2.25025e+08,16072317440
NVIDIA RTX PRO 5000 Blackwell,dna_r10.4.1_e8.2_400bps_fast@v5.2.0,6592,2.25543e+08,16217024000
NVIDIA RTX PRO 5000 Blackwell,dna_r10.4.1_e8.2_400bps_fast@v5.2.0,6656,2.16341e+08,16365924864
NVIDIA RTX PRO 5000 Blackwell,dna_r10.4.1_e8.2_400bps_fast@v5.2.0,6720,2.18612e+08,16516922880
NVIDIA RTX PRO 5000 Blackwell,dna_r10.4.1_e8.2_400bps_fast@v5.2.0,6784,2.20098e+08,16659532288
NVIDIA RTX PRO 5000 Blackwell,dna_r10.4.1_e8.2_400bps_fast@v5.2.0,6848,2.20831e+08,16808433152
NVIDIA RTX PRO 5000 Blackwell,dna_r10.4.1_e8.2_400bps_fast@v5.2.0,6912,2.23565e+08,16951042560
NVIDIA RTX PRO 5000 Blackwell,dna_r10.4.1_e8.2_400bps_fast@v5.2.0,6976,2.26626e+08,17102040576
NVIDIA RTX PRO 5000 Blackwell,dna_r10.4.1_e8.2_400bps_fast@v5.2.0,7040,2.13497e+08,17246747136
NVIDIA RTX PRO 5000 Blackwell,dna_r10.4.1_e8.2_400bps_fast@v5.2.0,7104,2.1709e+08,17391453696
NVIDIA RTX PRO 5000 Blackwell,dna_r10.4.1_e8.2_400bps_fast@v5.2.0,7168,2.18478e+08,17542451712
NVIDIA RTX PRO 5000 Blackwell,dna_r10.4.1_e8.2_400bps_fast@v5.2.0,7232,2.20603e+08,17687158272
NVIDIA RTX PRO 5000 Blackwell,dna_r10.4.1_e8.2_400bps_fast@v5.2.0,7296,2.20981e+08,17838156288
NVIDIA RTX PRO 5000 Blackwell,dna_r10.4.1_e8.2_400bps_fast@v5.2.0,7360,2.24136e+08,17982862848
NVIDIA RTX PRO 5000 Blackwell,dna_r10.4.1_e8.2_400bps_fast@v5.2.0,7424,2.25766e+08,18127569408
NVIDIA RTX PRO 5000 Blackwell,dna_r10.4.1_e8.2_400bps_fast@v5.2.0,7488,2.14313e+08,18274373120
NVIDIA RTX PRO 5000 Blackwell,dna_r10.4.1_e8.2_400bps_fast@v5.2.0,7552,2.15977e+08,18421176832
NVIDIA RTX PRO 5000 Blackwell,dna_r10.4.1_e8.2_400bps_fast@v5.2.0,7616,2.16425e+08,18572174848
NVIDIA RTX PRO 5000 Blackwell,dna_r10.4.1_e8.2_400bps_fast@v5.2.0,7680,2.19413e+08,18721075712
NVIDIA RTX PRO 5000 Blackwell,dna_r10.4.1_e8.2_400bps_fast@v5.2.0,7744,2.2124e+08,18861587968
NVIDIA RTX PRO 5000 Blackwell,dna_r10.4.1_e8.2_400bps_fast@v5.2.0,7808,2.2254e+08,19010488832
NVIDIA RTX PRO 5000 Blackwell,dna_r10.4.1_e8.2_400bps_fast@v5.2.0,7872,2.24973e+08,19159389696
NVIDIA RTX PRO 5000 Blackwell,dna_r10.4.1_e8.2_400bps_fast@v5.2.0,7936,2.12194e+08,19304096256
NVIDIA RTX PRO 5000 Blackwell,dna_r10.4.1_e8.2_400bps_fast@v5.2.0,8000,2.13055e+08,19455094272
NVIDIA RTX PRO 5000 Blackwell,dna_r10.4.1_e8.2_400bps_fast@v5.2.0,8064,2.15508e+08,19597703680
NVIDIA RTX PRO 5000 Blackwell,dna_r10.4.1_e8.2_400bps_fast@v5.2.0,8128,2.16628e+08,19744507392
NVIDIA RTX PRO 5000 Blackwell,dna_r10.4.1_e8.2_400bps_fast@v5.2.0,8192,2.17328e+08,19895505408
NVIDIA RTX PRO 5000 Blackwell,dna_r10.4.1_e8.2_400bps_fast@v5.2.0,8256,2.18993e+08,20040211968
NVIDIA RTX PRO 5000 Blackwell,dna_r10.4.1_e8.2_400bps_fast@v5.2.0,8320,2.21236e+08,20153461248
NVIDIA RTX PRO 5000 Blackwell,dna_r10.4.1_e8.2_400bps_fast@v5.2.0,8384,2.22036e+08,20262516224
NVIDIA RTX PRO 5000 Blackwell,dna_r10.4.1_e8.2_400bps_fast@v5.2.0,8448,2.23737e+08,20379959808
NVIDIA RTX PRO 5000 Blackwell,dna_r10.4.1_e8.2_400bps_fast@v5.2.0,8512,2.07359e+08,20497403392
NVIDIA RTX PRO 5000 Blackwell,dna_r10.4.1_e8.2_400bps_fast@v5.2.0,8576,2.08983e+08,20606458368
NVIDIA RTX PRO 5000 Blackwell,dna_r10.4.1_e8.2_400bps_fast@v5.2.0,8640,2.12905e+08,20721804800
NVIDIA RTX PRO 5000 Blackwell,dna_r10.4.1_e8.2_400bps_fast@v5.2.0,8704,2.13874e+08,20828762624
NVIDIA RTX PRO 5000 Blackwell,dna_r10.4.1_e8.2_400bps_fast@v5.2.0,8768,2.15727e+08,20944109056
NVIDIA RTX PRO 5000 Blackwell,dna_r10.4.1_e8.2_400bps_fast@v5.2.0,8832,2.17366e+08,21063649792
NVIDIA RTX PRO 5000 Blackwell,dna_r10.4.1_e8.2_400bps_fast@v5.2.0,8896,2.18073e+08,21174801920
NVIDIA RTX PRO 5000 Blackwell,dna_r10.4.1_e8.2_400bps_fast@v5.2.0,8960,2.20423e+08,21288051200
NVIDIA RTX PRO 5000 Blackwell,dna_r10.4.1_e8.2_400bps_fast@v5.2.0,9024,2.21097e+08,21403397632
NVIDIA RTX PRO 5000 Blackwell,dna_r10.4.1_e8.2_400bps_fast@v5.2.0,9088,2.23069e+08,21510355456
NVIDIA RTX PRO 5000 Blackwell,dna_r10.4.1_e8.2_400bps_fast@v5.2.0,9152,2.2527e+08,21627799040
NVIDIA RTX PRO 5000 Blackwell,dna_r10.4.1_e8.2_400bps_fast@v5.2.0,9216,2.24353e+08,21738951168
NVIDIA RTX PRO 5000 Blackwell,dna_r10.4.1_e8.2_400bps_fast@v5.2.0,9280,2.10735e+08,21856394752
NVIDIA RTX PRO 5000 Blackwell,dna_r10.4.1_e8.2_400bps_fast@v5.2.0,9344,2.11715e+08,21971741184
NVIDIA RTX PRO 5000 Blackwell,dna_r10.4.1_e8.2_400bps_fast@v5.2.0,9408,2.14313e+08,22078699008
NVIDIA RTX PRO 5000 Blackwell,dna_r10.4.1_e8.2_400bps_fast@v5.2.0,9472,2.12694e+08,22196142592
NVIDIA RTX PRO 5000 Blackwell,dna_r10.4.1_e8.2_400bps_fast@v5.2.0,9536,2.162e+08,22305197568
NVIDIA RTX PRO 5000 Blackwell,dna_r10.4.1_e8.2_400bps_fast@v5.2.0,9600,2.17225e+08,22420544000
NVIDIA RTX PRO 5000 Blackwell,dna_r10.4.1_e8.2_400bps_fast@v5.2.0,9664,2.18367e+08,22537987584
NVIDIA RTX PRO 5000 Blackwell,dna_r10.4.1_e8.2_400bps_fast@v5.2.0,9728,2.1844e+08,22647042560
NVIDIA RTX PRO 5000 Blackwell,dna_r10.4.1_e8.2_400bps_fast@v5.2.0,9792,2.21379e+08,22762388992
NVIDIA RTX PRO 5000 Blackwell,dna_r10.4.1_e8.2_400bps_fast@v5.2.0,9856,2.21187e+08,22873541120
NVIDIA RTX PRO 5000 Blackwell,dna_r10.4.1_e8.2_400bps_fast@v5.2.0,9920,2.23618e+08,22986790400
NVIDIA RTX PRO 5000 Blackwell,dna_r10.4.1_e8.2_400bps_fast@v5.2.0,9984,2.25174e+08,23102136832
NVIDIA RTX PRO 5000 Blackwell,dna_r10.4.1_e8.2_400bps_fast@v5.2.0,10048,2.27014e+08,23211191808
NVIDIA RTX PRO 5000 Blackwell,dna_r10.4.1_e8.2_400bps_fast@v5.2.0,10112,2.2507e+08,23330732544
NVIDIA RTX PRO 5000 Blackwell,dna_r10.4.1_e8.2_400bps_fast@v5.2.0,10176,2.24591e+08,23446078976
NVIDIA RTX PRO 5000 Blackwell,dna_r10.4.1_e8.2_400bps_fast@v5.2.0,10240,2.27359e+08,23555133952
NVIDIA RTX PRO 5000 Blackwell,dna_r10.4.1_e8.2_400bps_hac@v5.2.0,64,1.15711e+07,421226496
NVIDIA RTX PRO 5000 Blackwell,dna_r10.4.1_e8.2_400bps_hac@v5.2.0,128,2.10893e+07,815095808
NVIDIA RTX PRO 5000 Blackwell,dna_r10.4.1_e8.2_400bps_hac@v5.2.0,192,2.97981e+07,1208419328
NVIDIA RTX PRO 5000 Blackwell,dna_r10.4.1_e8.2_400bps_hac@v5.2.0,256,3.88179e+07,1598059520
NVIDIA RTX PRO 5000 Blackwell,dna_r10.4.1_e8.2_400bps_hac@v5.2.0,320,4.14911e+07,1991645696
NVIDIA RTX PRO 5000 Blackwell,dna_r10.4.1_e8.2_400bps_hac@v5.2.0,384,4.84062e+07,2384493568
NVIDIA RTX PRO 5000 Blackwell,dna_r10.4.1_e8.2_400bps_hac@v5.2.0,448,5.44629e+07,2776231936
NVIDIA RTX PRO 5000 Blackwell,dna_r10.4.1_e8.2_400bps_hac@v5.2.0,512,5.98969e+07,3170976256
NVIDIA RTX PRO 5000 Blackwell,dna_r10.4.1_e8.2_400bps_hac@v5.2.0,576,6.44439e+07,3552696832
NVIDIA RTX PRO 5000 Blackwell,dna_r10.4.1_e8.2_400bps_hac@v5.2.0,640,5.44694e+07,3955570688
NVIDIA RTX PRO 5000 Blackwell,dna_r10.4.1_e8.2_400bps_hac@v5.2.0,704,5.68056e+07,4337181696
NVIDIA RTX PRO 5000 Blackwell,dna_r10.4.1_e8.2_400bps_hac@v5.2.0,768,5.96354e+07,4739141632
NVIDIA RTX PRO 5000 Blackwell,dna_r10.4.1_e8.2_400bps_hac@v5.2.0,832,6.20873e+07,5132615168
NVIDIA RTX PRO 5000 Blackwell,dna_r10.4.1_e8.2_400bps_hac@v5.2.0,896,6.41476e+07,5510999040
NVIDIA RTX PRO 5000 Blackwell,dna_r10.4.1_e8.2_400bps_hac@v5.2.0,960,6.68035e+07,5916758016
NVIDIA RTX PRO 5000 Blackwell,dna_r10.4.1_e8.2_400bps_hac@v5.2.0,1024,6.90917e+07,6311589888
NVIDIA RTX PRO 5000 Blackwell,dna_r10.4.1_e8.2_400bps_hac@v5.2.0,1088,7.19789e+07,6677059072
NVIDIA RTX PRO 5000 Blackwell,dna_r10.4.1_e8.2_400bps_hac@v5.2.0,1152,7.42093e+07,7079853056
NVIDIA RTX PRO 5000 Blackwell,dna_r10.4.1_e8.2_400bps_hac@v5.2.0,1216,6.64064e+07,7472088576
NVIDIA RTX PRO 5000 Blackwell,dna_r10.4.1_e8.2_400bps_hac@v5.2.0,1280,6.73056e+07,7861652992
NVIDIA RTX PRO 5000 Blackwell,dna_r10.4.1_e8.2_400bps_hac@v5.2.0,1344,6.80125e+07,8222949888
NVIDIA RTX PRO 5000 Blackwell,dna_r10.4.1_e8.2_400bps_hac@v5.2.0,1408,7.38108e+07,8652481536
NVIDIA RTX PRO 5000 Blackwell,dna_r10.4.1_e8.2_400bps_hac@v5.2.0,1472,7.30163e+07,9005915648
NVIDIA RTX PRO 5000 Blackwell,dna_r10.4.1_e8.2_400bps_hac@v5.2.0,1536,7.93464e+07,9392627200
NVIDIA RTX PRO 5000 Blackwell,dna_r10.4.1_e8.2_400bps_hac@v5.2.0,1600,7.75782e+07,9824756736
NVIDIA RTX PRO 5000 Blackwell,dna_r10.4.1_e8.2_400bps_hac@v5.2.0,1664,8.23873e+07,10210713088
NVIDIA RTX PRO 5000 Blackwell,dna_r10.4.1_e8.2_400bps_hac@v5.2.0,1728,8.0408e+07,10608223232
NVIDIA RTX PRO 5000 Blackwell,dna_r10.4.1_e8.2_400bps_hac@v5.2.0,1792,8.7151e+07,11000505344
NVIDIA RTX PRO 5000 Blackwell,dna_r10.4.1_e8.2_400bps_hac@v5.2.0,1856,8.44691e+07,11386004480
NVIDIA RTX PRO 5000 Blackwell,dna_r10.4.1_e8.2_400bps_hac@v5.2.0,1920,8.91513e+07,11735153664
NVIDIA RTX PRO 5000 Blackwell,dna_r10.4.1_e8.2_400bps_hac@v5.2.0,1984,8.64832e+07,12122629120
NVIDIA RTX PRO 5000 Blackwell,dna_r10.4.1_e8.2_400bps_hac@v5.2.0,2048,9.29965e+07,12521719808
NVIDIA RTX PRO 5000 Blackwell,dna_r10.4.1_e8.2_400bps_hac@v5.2.0,2112,8.97308e+07,12976097280
NVIDIA RTX PRO 5000 Blackwell,dna_r10.4.1_e8.2_400bps_hac@v5.2.0,2176,9.45098e+07,13340700160
NVIDIA RTX PRO 5000 Blackwell,dna_r10.4.1_e8.2_400bps_hac@v5.2.0,2240,9.07443e+07,13734447104
NVIDIA RTX PRO 5000 Blackwell,dna_r10.4.1_e8.2_400bps_hac@v5.2.0,2304,9.55518e+07,14121661440
NVIDIA RTX PRO 5000 Blackwell,dna_r10.4.1_e8.2_400bps_hac@v5.2.0,2368,7.4889e+07,14522607616
NVIDIA RTX PRO 5000 Blackwell,dna_r10.4.1_e8.2_400bps_hac@v5.2.0,2432,7.45716e+07,14913693184
NVIDIA RTX PRO 5000 Blackwell,dna_r10.4.1_e8.2_400bps_hac@v5.2.0,2496,7.38764e+07,15242844672
NVIDIA RTX PRO 5000 Blackwell,dna_r10.4.1_e8.2_400bps_hac@v5.2.0,2560,7.57257e+07,15635772928
NVIDIA RTX PRO 5000 Blackwell,dna_r10.4.1_e8.2_400bps_hac@v5.2.0,2624,7.50708e+07,16106943488
NVIDIA RTX PRO 5000 Blackwell,dna_r10.4.1_e8.2_400bps_hac@v5.2.0,2688,7.7111e+07,16475983872
NVIDIA RTX PRO 5000 Blackwell,dna_r10.4.1_e8.2_400bps_hac@v5.2.0,2752,7.86657e+07,16875521536
NVIDIA RTX PRO 5000 Blackwell,dna_r10.4.1_e8.2_400bps_hac@v5.2.0,2816,7.76772e+07,17253706240
NVIDIA RTX PRO 5000 Blackwell,dna_r10.4.1_e8.2_400bps_hac@v5.2.0,2880,7.9598e+07,17645361152
NVIDIA RTX PRO 5000 Blackwell,dna_r10.4.1_e8.2_400bps_hac@v5.2.0,2944,7.52699e+07,18040765952
NVIDIA RTX PRO 5000 Blackwell,dna_r10.4.1_e8.2_400bps_hac@v5.2.0,3008,8.60825e+07,18436372480
NVIDIA RTX PRO 5000 Blackwell,dna_r10.4.1_e8.2_400bps_hac@v5.2.0,3072,8.14403e+07,18826117120
NVIDIA RTX PRO 5000 Blackwell,dna_r10.4.1_e8.2_400bps_hac@v5.2.0,3136,8.91898e+07,19206615552
NVIDIA RTX PRO 5000 Blackwell,dna_r10.4.1_e8.2_400bps_hac@v5.2.0,3200,8.18641e+07,19535108608
NVIDIA RTX PRO 5000 Blackwell,dna_r10.4.1_e8.2_400bps_hac@v5.2.0,3264,8.98452e+07,19925740544
NVIDIA RTX PRO 5000 Blackwell,dna_r10.4.1_e8.2_400bps_hac@v5.2.0,3328,8.49957e+07,20316263424
NVIDIA RTX PRO 5000 Blackwell,dna_r10.4.1_e8.2_400bps_hac@v5.2.0,3392,9.35899e+07,20706066944
NVIDIA RTX PRO 5000 Blackwell,dna_r10.4.1_e8.2_400bps_hac@v5.2.0,3456,8.47699e+07,21171174912
NVIDIA RTX PRO 5000 Blackwell,dna_r10.4.1_e8.2_400bps_hac@v5.2.0,3520,8.27807e+07,21485828096
NVIDIA RTX PRO 5000 Blackwell,dna_r10.4.1_e8.2_400bps_hac@v5.2.0,3584,8.7852e+07,21953122816
NVIDIA RTX PRO 5000 Blackwell,dna_r10.4.1_e8.2_400bps_hac@v5.2.0,3648,8.23689e+07,22348034560
NVIDIA RTX PRO 5000 Blackwell,dna_r10.4.1_e8.2_400bps_hac@v5.2.0,3712,8.74035e+07,22648188416
NVIDIA RTX PRO 5000 Blackwell,dna_r10.4.1_e8.2_400bps_hac@v5.2.0,3776,8.51719e+07,23121229312
NVIDIA RTX PRO 5000 Blackwell,dna_r10.4.1_e8.2_400bps_hac@v5.2.0,3840,9.03735e+07,23514816000
NVIDIA RTX PRO 5000 Blackwell,dna_r10.4.1_e8.2_400bps_hac@v5.2.0,3904,8.41192e+07,23905731072
NVIDIA RTX PRO 5000 Blackwell,dna_r10.4.1_e8.2_400bps_hac@v5.2.0,3968,8.94613e+07,24216908288
NVIDIA RTX PRO 5000 Blackwell,dna_r10.4.1_e8.2_400bps_hac@v5.2.0,4032,8.67575e+07,24730498560
NVIDIA RTX PRO 5000 Blackwell,dna_r10.4.1_e8.2_400bps_hac@v5.2.0,4096,9.57535e+07,25086491136
NVIDIA RTX PRO 5000 Blackwell,dna_r10.4.1_e8.2_400bps_hac@v5.2.0,4160,8.94701e+07,25472515072
NVIDIA RTX PRO 5000 Blackwell,dna_r10.4.1_e8.2_400bps_hac@v5.2.0,4224,9.47816e+07,25775393792
NVIDIA RTX PRO 5000 Blackwell,dna_r10.4.1_e8.2_400bps_hac@v5.2.0,4288,8.83416e+07,26256486400
NVIDIA RTX PRO 5000 Blackwell,dna_r10.4.1_e8.2_400bps_hac@v5.2.0,4352,9.71305e+07,26645169152
NVIDIA RTX PRO 5000 Blackwell,dna_r10.4.1_e8.2_400bps_hac@v5.2.0,4416,9.07893e+07,27054000640
NVIDIA RTX PRO 5000 Blackwell,dna_r10.4.1_e8.2_400bps_hac@v5.2.0,4480,9.61315e+07,27437216256
NVIDIA RTX PRO 5000 Blackwell,dna_r10.4.1_e8.2_400bps_hac@v5.2.0,4544,9.33168e+07,27824581120
NVIDIA RTX PRO 5000 Blackwell,dna_r10.4.1_e8.2_400bps_hac@v5.2.0,4608,9.88738e+07,28210325504
NVIDIA RTX PRO 5000 Blackwell,dna_r10.4.1_e8.2_400bps_hac@v5.2.0,4672,8.19241e+07,28602871808
NVIDIA RTX PRO 5000 Blackwell,dna_r10.4.1_e8.2_400bps_hac@v5.2.0,4736,7.86178e+07,28908405760
NVIDIA RTX PRO 5000 Blackwell,dna_r10.4.1_e8.2_400bps_hac@v5.2.0,4800,8.38294e+07,29393476096
NVIDIA RTX PRO 5000 Blackwell,dna_r10.4.1_e8.2_400bps_hac@v5.2.0,4864,8.05856e+07,29786654208
NVIDIA RTX PRO 5000 Blackwell,dna_r10.4.1_e8.2_400bps_hac@v5.2.0,4928,8.63624e+07,30169440256
NVIDIA RTX PRO 5000 Blackwell,dna_r10.4.1_e8.2_400bps_hac@v5.2.0,4992,8.26354e+07,30555214336
NVIDIA RTX PRO 5000 Blackwell,dna_r10.4.1_e8.2_400bps_hac@v5.2.0,5056,8.852e+07,30973702656
NVIDIA RTX PRO 5000 Blackwell,dna_r10.4.1_e8.2_400bps_hac@v5.2.0,5120,8.44404e+07,31347613184
NVIDIA RTX PRO 5000 Blackwell,dna_r10.4.1_e8.2_400bps_hac@v5.2.0,5184,8.58098e+07,31628738048
NVIDIA RTX PRO 5000 Blackwell,dna_r10.4.1_e8.2_400bps_hac@v5.2.0,5248,8.19214e+07,32018678272
NVIDIA RTX PRO 5000 Blackwell,dna_r10.4.1_e8.2_400bps_hac@v5.2.0,5312,8.79058e+07,32514674688
NVIDIA RTX PRO 5000 Blackwell,dna_r10.4.1_e8.2_400bps_hac@v5.2.0,5376,8.32532e+07,32806958080
NVIDIA RTX PRO 5000 Blackwell,dna_r10.4.1_e8.2_400bps_hac@v5.2.0,5440,8.99758e+07,33305643520
NVIDIA RTX PRO 5000 Blackwell,dna_r10.4.1_e8.2_400bps_hac@v5.2.0,5504,8.55873e+07,33682943488
NVIDIA RTX PRO 5000 Blackwell,dna_r10.4.1_e8.2_400bps_hac@v5.2.0,5568,9.19731e+07,34083536896
NVIDIA RTX PRO 5000 Blackwell,dna_r10.4.1_e8.2_400bps_hac@v5.2.0,5632,8.74658e+07,34401701888
NVIDIA RTX PRO 5000 Blackwell,dna_r10.4.1_e8.2_400bps_hac@v5.2.0,5696,8.86734e+07,34893239296
NVIDIA RTX PRO 5000 Blackwell,dna_r10.4.1_e8.2_400bps_hac@v5.2.0,5760,8.93632e+07,35188564480
NVIDIA RTX PRO 5000 Blackwell,dna_r10.4.1_e8.2_400bps_hac@v5.2.0,5824,8.43106e+07,35647121920
NVIDIA RTX PRO 5000 Blackwell,dna_r10.4.1_e8.2_400bps_hac@v5.2.0,5888,8.56611e+07,35918855680
NVIDIA RTX PRO 5000 Blackwell,dna_r10.4.1_e8.2_400bps_hac@v5.2.0,5952,8.67063e+07,36486144512
NVIDIA RTX PRO 5000 Blackwell,dna_r10.4.1_e8.2_400bps_hac@v5.2.0,6016,8.75637e+07,36801362432
NVIDIA RTX PRO 5000 Blackwell,dna_r10.4.1_e8.2_400bps_hac@v5.2.0,6080,8.80223e+07,37201643008
NVIDIA RTX PRO 5000 Blackwell,dna_r10.4.1_e8.2_400bps_hac@v5.2.0,6144,8.93646e+07,37449763840
NVIDIA RTX PRO 5000 Blackwell,dna_r10.4.1_e8.2_400bps_hac@v5.2.0,6208,8.44401e+07,37993329664
NVIDIA RTX PRO 5000 Blackwell,dna_r10.4.1_e8.2_400bps_hac@v5.2.0,6272,9.07771e+07,38263504384
NVIDIA RTX PRO 5000 Blackwell,dna_r10.4.1_e8.2_400bps_hac@v5.2.0,6336,8.5488e+07,38624212480
NVIDIA RTX PRO 5000 Blackwell,dna_r10.4.1_e8.2_400bps_hac@v5.2.0,6400,9.20422e+07,39238735360
NVIDIA RTX PRO 5000 Blackwell,dna_r10.4.1_e8.2_400bps_hac@v5.2.0,6464,8.78166e+07,39395993600
NVIDIA RTX PRO 5000 Blackwell,dna_r10.4.1_e8.2_400bps_hac@v5.2.0,6528,9.45881e+07,40012777472
NVIDIA RTX PRO 5000 Blackwell,dna_r10.4.1_e8.2_400bps_hac@v5.2.0,6592,8.9439e+07,40219852800
NVIDIA RTX PRO 5000 Blackwell,dna_r10.4.1_e8.2_400bps_hac@v5.2.0,6656,9.03192e+07,40632826880
NVIDIA RTX PRO 5000 Blackwell,dna_r10.4.1_e8.2_400bps_hac@v5.2.0,6720,9.04765e+07,40993590272
NVIDIA RTX PRO 5000 Blackwell,dna_r10.4.1_e8.2_400bps_hac@v5.2.0,6784,9.17461e+07,41519956992
NVIDIA RTX PRO 5000 Blackwell,dna_r10.4.1_e8.2_400bps_hac@v5.2.0,6848,9.23105e+07,41784596992
NVIDIA RTX PRO 5000 Blackwell,dna_r10.4.1_e8.2_400bps_hac@v5.2.0,6912,9.35315e+07,42156275712
NVIDIA RTX PRO 5000 Blackwell,dna_r10.4.1_e8.2_400bps_hac@v5.2.0,6976,8.74485e+07,42596664832
NVIDIA RTX PRO 5000 Blackwell,dna_r10.4.1_e8.2_400bps_hac@v5.2.0,7040,8.18309e+07,42958592000
NVIDIA RTX PRO 5000 Blackwell,dna_r10.4.1_e8.2_400bps_hac@v5.2.0,7104,8.26183e+07,43340772864
NVIDIA RTX PRO 5000 Blackwell,dna_r10.4.1_e8.2_400bps_hac@v5.2.0,7168,8.27176e+07,43733432320
NVIDIA RTX PRO 5000 Blackwell,dna_r10.4.1_e8.2_400bps_hac@v5.2.0,7232,8.40083e+07,44135437312
NVIDIA RTX PRO 5000 Blackwell,dna_r10.4.1_e8.2_400bps_hac@v5.2.0,7296,8.46434e+07,44657210368
NVIDIA RTX PRO 5000 Blackwell,dna_r10.4.1_e8.2_400bps_hac@v5.2.0,7360,8.40288e+07,44525560832
NVIDIA RTX PRO 5000 Blackwell,dna_r10.4.1_e8.2_400bps_hac@v6.0.0,64,2.86768e+06,632254976
NVIDIA RTX PRO 5000 Blackwell,dna_r10.4.1_e8.2_400bps_hac@v6.0.0,128,5.6561e+06,1233424896
NVIDIA RTX PRO 5000 Blackwell,dna_r10.4.1_e8.2_400bps_hac@v6.0.0,192,8.36186e+06,1833355776
NVIDIA RTX PRO 5000 Blackwell,dna_r10.4.1_e8.2_400bps_hac@v6.0.0,256,1.09867e+07,2432887808
NVIDIA RTX PRO 5000 Blackwell,dna_r10.4.1_e8.2_400bps_hac@v6.0.0,320,1.35433e+07,3033534976
NVIDIA RTX PRO 5000 Blackwell,dna_r10.4.1_e8.2_400bps_hac@v6.0.0,384,1.60058e+07,3634435584
NVIDIA RTX PRO 5000 Blackwell,dna_r10.4.1_e8.2_400bps_hac@v6.0.0,448,1.86504e+07,4234054656
NVIDIA RTX PRO 5000 Blackwell,dna_r10.4.1_e8.2_400bps_hac@v6.0.0,512,2.09993e+07,4834180096
NVIDIA RTX PRO 5000 Blackwell,dna_r10.4.1_e8.2_400bps_hac@v6.0.0,576,2.29196e+07,5424983040
NVIDIA RTX PRO 5000 Blackwell,dna_r10.4.1_e8.2_400bps_hac@v6.0.0,640,2.42547e+07,6031739904
NVIDIA RTX PRO 5000 Blackwell,dna_r10.4.1_e8.2_400bps_hac@v6.0.0,704,2.62555e+07,6635318784
NVIDIA RTX PRO 5000 Blackwell,dna_r10.4.1_e8.2_400bps_hac@v6.0.0,768,2.81611e+07,7233854976
NVIDIA RTX PRO 5000 Blackwell,dna_r10.4.1_e8.2_400bps_hac@v6.0.0,832,1.83583e+07,7838673920
NVIDIA RTX PRO 5000 Blackwell,dna_r10.4.1_e8.2_400bps_hac@v6.0.0,896,3.06419e+07,8435897856
NVIDIA RTX PRO 5000 Blackwell,dna_r10.4.1_e8.2_400bps_hac@v6.0.0,960,3.75232e+07,9020155392
NVIDIA RTX PRO 5000 Blackwell,dna_r10.4.1_e8.2_400bps_hac@v6.0.0,1024,3.37264e+07,9624585728
NVIDIA RTX PRO 5000 Blackwell,dna_r10.4.1_e8.2_400bps_hac@v6.0.0,1088,2.32848e+07,10234905600
NVIDIA RTX PRO 5000 Blackwell,dna_r10.4.1_e8.2_400bps_hac@v6.0.0,1152,4.07794e+07,10804904448
NVIDIA RTX PRO 5000 Blackwell,dna_r10.4.1_e8.2_400bps_hac@v6.0.0,1216,2.52277e+07,11439832576
NVIDIA RTX PRO 5000 Blackwell,dna_r10.4.1_e8.2_400bps_hac@v6.0.0,1280,3.89914e+07,12036081664
NVIDIA RTX PRO 5000 Blackwell,dna_r10.4.1_e8.2_400bps_hac@v6.0.0,1344,2.62595e+07,12639051264
NVIDIA RTX PRO 5000 Blackwell,dna_r10.4.1_e8.2_400bps_hac@v6.0.0,1408,4.11684e+07,13246209024
NVIDIA RTX PRO 5000 Blackwell,dna_r10.4.1_e8.2_400bps_hac@v6.0.0,1472,2.8637e+07,13845327360
NVIDIA RTX PRO 5000 Blackwell,dna_r10.4.1_e8.2_400bps_hac@v6.0.0,1536,4.29938e+07,14436359680
NVIDIA RTX PRO 5000 Blackwell,dna_r10.4.1_e8.2_400bps_hac@v6.0.0,1600,5.05766e+07,14998608384
NVIDIA RTX PRO 5000 Blackwell,dna_r10.4.1_e8.2_400bps_hac@v6.0.0,1664,2.33712e+07,15612917760
NVIDIA RTX PRO 5000 Blackwell,dna_r10.4.1_e8.2_400bps_hac@v6.0.0,1728,5.56464e+07,16194326528
NVIDIA RTX PRO 5000 Blackwell,dna_r10.4.1_e8.2_400bps_hac@v6.0.0,1792,2.40861e+07,16756278784
NVIDIA RTX PRO 5000 Blackwell,dna_r10.4.1_e8.2_400bps_hac@v6.0.0,1856,2.49895e+07,17354155520
NVIDIA RTX PRO 5000 Blackwell,dna_r10.4.1_e8.2_400bps_hac@v6.0.0,1920,5.36169e+07,18016214016
NVIDIA RTX PRO 5000 Blackwell,dna_r10.4.1_e8.2_400bps_hac@v6.0.0,1984,2.66144e+07,18555410432
NVIDIA RTX PRO 5000 Blackwell,dna_r10.4.1_e8.2_400bps_hac@v6.0.0,2048,2.73673e+07,19201036800
NVIDIA RTX PRO 5000 Blackwell,dna_r10.4.1_e8.2_400bps_hac@v6.0.0,2112,6.14362e+07,19735796224
NVIDIA RTX PRO 5000 Blackwell,dna_r10.4.1_e8.2_400bps_hac@v6.0.0,2176,2.90636e+07,20430993920
NVIDIA RTX PRO 5000 Blackwell,dna_r10.4.1_e8.2_400bps_hac@v6.0.0,2240,2.73579e+07,21030618624
NVIDIA RTX PRO 5000 Blackwell,dna_r10.4.1_e8.2_400bps_hac@v6.0.0,2304,6.14195e+07,21599900160
NVIDIA RTX PRO 5000 Blackwell,dna_r10.4.1_e8.2_400bps_hac@v6.0.0,2368,2.57949e+07,22133221888
NVIDIA RTX PRO 5000 Blackwell,dna_r10.4.1_e8.2_400bps_hac@v6.0.0,2432,3.82778e+07,22833521152
NVIDIA RTX PRO 5000 Blackwell,dna_r10.4.1_e8.2_400bps_hac@v6.0.0,2496,2.43158e+07,23429271552
NVIDIA RTX PRO 5000 Blackwell,dna_r10.4.1_e8.2_400bps_hac@v6.0.0,2560,6.49168e+07,24021464064
NVIDIA RTX PRO 5000 Blackwell,dna_r10.4.1_e8.2_400bps_hac@v6.0.0,2624,2.56531e+07,24519794176
NVIDIA RTX PRO 5000 Blackwell,dna_r10.4.1_e8.2_400bps_hac@v6.0.0,2688,6.82093e+07,25123074048
NVIDIA RTX PRO 5000 Blackwell,dna_r10.4.1_e8.2_400bps_hac@v6.0.0,2752,2.67825e+07,25720888320
NVIDIA RTX PRO 5000 Blackwell,dna_r10.4.1_e8.2_400bps_hac@v6.0.0,2816,6.78863e+07,26391821312
NVIDIA RTX PRO 5000 Blackwell,dna_r10.4.1_e8.2_400bps_hac@v6.0.0,2880,2.79215e+07,26907387392
NVIDIA RTX PRO 5000 Blackwell,dna_r10.4.1_e8.2_400bps_hac@v6.0.0,2944,4.26297e+07,27617419776
NVIDIA RTX PRO 5000 Blackwell,dna_r10.4.1_e8.2_400bps_hac@v6.0.0,3008,2.90458e+07,28107897856
NVIDIA RTX PRO 5000 Blackwell,dna_r10.4.1_e8.2_400bps_hac@v6.0.0,3072,7.00853e+07,28780173312
NVIDIA RTX PRO 5000 Blackwell,dna_r10.4.1_e8.2_400bps_hac@v6.0.0,3136,2.65862e+07,29380711424
NVIDIA RTX PRO 5000 Blackwell,dna_r10.4.1_e8.2_400bps_hac@v6.0.0,3200,5.02125e+07,29988191232
NVIDIA RTX PRO 5000 Blackwell,dna_r10.4.1_e8.2_400bps_hac@v6.0.0,3264,3.93805e+07,30496822784
NVIDIA RTX PRO 5000 Blackwell,dna_r10.4.1_e8.2_400bps_hac@v6.0.0,3328,2.43964e+07,31181492224
NVIDIA RTX PRO 5000 Blackwell,dna_r10.4.1_e8.2_400bps_hac@v6.0.0,3392,2.489e+07,31684428800
NVIDIA RTX PRO 5000 Blackwell,dna_r10.4.1_e8.2_400bps_hac@v6.0.0,3456,4.14454e+07,32289195520
NVIDIA RTX PRO 5000 Blackwell,dna_r10.4.1_e8.2_400bps_hac@v6.0.0,3520,5.08294e+07,32976711168
NVIDIA RTX PRO 5000 Blackwell,dna_r10.4.1_e8.2_400bps_hac@v6.0.0,3584,2.61534e+07,33582305280
NVIDIA RTX PRO 5000 Blackwell,dna_r10.4.1_e8.2_400bps_hac@v6.0.0,3648,2.66553e+07,34127202816
NVIDIA RTX PRO 5000 Blackwell,dna_r10.4.1_e8.2_400bps_hac@v6.0.0,3712,2.70397e+07,34775090688
NVIDIA RTX PRO 5000 Blackwell,dna_r10.4.1_e8.2_400bps_hac@v6.0.0,3776,2.73198e+07,35373242880
NVIDIA RTX PRO 5000 Blackwell,dna_r10.4.1_e8.2_400bps_hac@v6.0.0,3840,5.07311e+07,35949639168
NVIDIA RTX PRO 5000 Blackwell,dna_r10.4.1_e8.2_400bps_hac@v6.0.0,3904,2.31001e+07,36464387584
NVIDIA RTX PRO 5000 Blackwell,dna_r10.4.1_e8.2_400bps_hac@v6.0.0,3968,3.8229e+07,37066614272
NVIDIA RTX PRO 5000 Blackwell,dna_r10.4.1_e8.2_400bps_hac@v6.0.0,4032,5.84343e+07,37646401024
NVIDIA RTX PRO 5000 Blackwell,dna_r10.4.1_e8.2_400bps_hac@v6.0.0,4096,3.93224e+07,38367887872
NVIDIA RTX PRO 5000 Blackwell,dna_r10.4.1_e8.2_400bps_hac@v6.0.0,4160,2.78764e+07,38883881984
NVIDIA RTX PRO 5000 Blackwell,dna_r10.4.1_e8.2_400bps_hac@v6.0.0,4224,6.05266e+07,39464950784
NVIDIA RTX PRO 5000 Blackwell,dna_r10.4.1_e8.2_400bps_hac@v6.0.0,4288,2.47983e+07,40061675520
NVIDIA RTX PRO 5000 Blackwell,dna_r10.4.1_e8.2_400bps_hac@v6.0.0,4352,4.16648e+07,40640666624
NVIDIA RTX PRO 5000 Blackwell,dna_r10.4.1_e8.2_400bps_hac@v6.0.0,4416,5.83244e+07,41365953024
NVIDIA RTX PRO 5000 Blackwell,dna_r10.4.1_e8.2_400bps_hac@v6.0.0,4480,4.27914e+07,41855077376
NVIDIA RTX PRO 5000 Blackwell,dna_r10.4.1_e8.2_400bps_sup@v5.2.0,32,9.17003e+06,1836526592
NVIDIA RTX PRO 5000 Blackwell,dna_r10.4.1_e8.2_400bps_sup@v5.2.0,64,1.12758e+07,2617651712
NVIDIA RTX PRO 5000 Blackwell,dna_r10.4.1_e8.2_400bps_sup@v5.2.0,96,1.22013e+07,3400218624
NVIDIA RTX PRO 5000 Blackwell,dna_r10.4.1_e8.2_400bps_sup@v5.2.0,128,1.21038e+07,4168629248
NVIDIA RTX PRO 5000 Blackwell,dna_r10.4.1_e8.2_400bps_sup@v5.2.0,160,1.23777e+07,4949361152
NVIDIA RTX PRO 5000 Blackwell,dna_r10.4.1_e8.2_400bps_sup@v5.2.0,192,1.28482e+07,5732190208
NVIDIA RTX PRO 5000 Blackwell,dna_r10.4.1_e8.2_400bps_sup@v5.2.0,224,1.25105e+07,6514396672
NVIDIA RTX PRO 5000 Blackwell,dna_r10.4.1_e8.2_400bps_sup@v5.2.0,256,1.25703e+07,7300208640
NVIDIA RTX PRO 5000 Blackwell,dna_r10.4.1_e8.2_400bps_sup@v5.2.0,288,1.29035e+07,8083331584
NVIDIA RTX PRO 5000 Blackwell,dna_r10.4.1_e8.2_400bps_sup@v5.2.0,320,1.27698e+07,8866719232
NVIDIA RTX PRO 5000 Blackwell,dna_r10.4.1_e8.2_400bps_sup@v5.2.0,352,1.29525e+07,9649679360
NVIDIA RTX PRO 5000 Blackwell,dna_r10.4.1_e8.2_400bps_sup@v5.2.0,384,1.27228e+07,10427853824
NVIDIA RTX PRO 5000 Blackwell,dna_r10.4.1_e8.2_400bps_sup@v5.2.0,416,1.30225e+07,11216712192
NVIDIA RTX PRO 5000 Blackwell,dna_r10.4.1_e8.2_400bps_sup@v5.2.0,448,1.29245e+07,11992987648
NVIDIA RTX PRO 5000 Blackwell,dna_r10.4.1_e8.2_400bps_sup@v5.2.0,480,1.29598e+07,12785843712
NVIDIA RTX PRO 5000 Blackwell,dna_r10.4.1_e8.2_400bps_sup@v5.2.0,512,1.31876e+07,13568871424
NVIDIA RTX PRO 5000 Blackwell,dna_r10.4.1_e8.2_400bps_sup@v5.2.0,544,1.33446e+07,14353467904
NVIDIA RTX PRO 5000 Blackwell,dna_r10.4.1_e8.2_400bps_sup@v5.2.0,576,1.34189e+07,15135447552
NVIDIA RTX PRO 5000 Blackwell,dna_r10.4.1_e8.2_400bps_sup@v5.2.0,608,1.3145e+07,15101237760
NVIDIA RTX PRO 5000 Blackwell,rna004_130bps_fast@v5.3.0,64,2.85732e+07,1274466304
NVIDIA RTX PRO 5000 Blackwell,rna004_130bps_fast@v5.3.0,128,4.9066e+07,1471454208
NVIDIA RTX PRO 5000 Blackwell,rna004_130bps_fast@v5.3.0,192,6.91702e+07,1671612928
NVIDIA RTX PRO 5000 Blackwell,rna004_130bps_fast@v5.3.0,256,8.57574e+07,1867576832
NVIDIA RTX PRO 5000 Blackwell,rna004_130bps_fast@v5.3.0,320,1.01097e+08,2065638400
NVIDIA RTX PRO 5000 Blackwell,rna004_130bps_fast@v5.3.0,384,1.14477e+08,2264468992
NVIDIA RTX PRO 5000 Blackwell,rna004_130bps_fast@v5.3.0,448,1.18014e+08,2460867072
NVIDIA RTX PRO 5000 Blackwell,rna004_130bps_fast@v5.3.0,512,1.28466e+08,2657724928
NVIDIA RTX PRO 5000 Blackwell,rna004_130bps_fast@v5.3.0,576,1.37675e+08,2856731648
NVIDIA RTX PRO 5000 Blackwell,rna004_130bps_fast@v5.3.0,640,1.43156e+08,3053847552
NVIDIA RTX PRO 5000 Blackwell,rna004_130bps_fast@v5.3.0,704,1.49173e+08,3243972096
NVIDIA RTX PRO 5000 Blackwell,rna004_130bps_fast@v5.3.0,768,1.55128e+08,3440754176
NVIDIA RTX PRO 5000 Blackwell,rna004_130bps_fast@v5.3.0,832,1.59545e+08,3643713024
NVIDIA RTX PRO 5000 Blackwell,rna004_130bps_fast@v5.3.0,896,1.54965e+08,3837249536
NVIDIA RTX PRO 5000 Blackwell,rna004_130bps_fast@v5.3.0,960,1.5819e+08,4039980544
NVIDIA RTX PRO 5000 Blackwell,rna004_130bps_fast@v5.3.0,1024,1.62736e+08,4228817408
NVIDIA RTX PRO 5000 Blackwell,rna004_130bps_fast@v5.3.0,1088,1.65235e+08,4424330752
NVIDIA RTX PRO 5000 Blackwell,rna004_130bps_fast@v5.3.0,1152,1.69113e+08,4632842240
NVIDIA RTX PRO 5000 Blackwell,rna004_130bps_fast@v5.3.0,1216,1.71077e+08,4831094784
NVIDIA RTX PRO 5000 Blackwell,rna004_130bps_fast@v5.3.0,1280,1.73482e+08,5013626368
NVIDIA RTX PRO 5000 Blackwell,rna004_130bps_fast@v5.3.0,1344,1.70586e+08,5225061888
NVIDIA RTX PRO 5000 Blackwell,rna004_130bps_fast@v5.3.0,1408,1.71543e+08,5396131840
NVIDIA RTX PRO 5000 Blackwell,rna004_130bps_fast@v5.3.0,1472,1.73339e+08,5610149888
NVIDIA RTX PRO 5000 Blackwell,rna004_130bps_fast@v5.3.0,1536,1.77756e+08,5801921024
NVIDIA RTX PRO 5000 Blackwell,rna004_130bps_fast@v5.3.0,1600,1.77523e+08,5989584896
NVIDIA RTX PRO 5000 Blackwell,rna004_130bps_fast@v5.3.0,1664,1.81411e+08,6184809472
NVIDIA RTX PRO 5000 Blackwell,rna004_130bps_fast@v5.3.0,1728,1.81094e+08,6383306240
NVIDIA RTX PRO 5000 Blackwell,rna004_130bps_fast@v5.3.0,1792,1.77407e+08,6580974080
NVIDIA RTX PRO 5000 Blackwell,rna004_130bps_fast@v5.3.0,1856,1.79895e+08,6774858752
NVIDIA RTX PRO 5000 Blackwell,rna004_130bps_fast@v5.3.0,1920,1.82306e+08,6971176960
NVIDIA RTX PRO 5000 Blackwell,rna004_130bps_fast@v5.3.0,1984,1.78857e+08,7167653376
NVIDIA RTX PRO 5000 Blackwell,rna004_130bps_fast@v5.3.0,2048,1.8174e+08,7364788736
NVIDIA RTX PRO 5000 Blackwell,rna004_130bps_fast@v5.3.0,2112,1.83312e+08,7560132608
NVIDIA RTX PRO 5000 Blackwell,rna004_130bps_fast@v5.3.0,2176,1.8459e+08,7756450816
NVIDIA RTX PRO 5000 Blackwell,rna004_130bps_fast@v5.3.0,2240,1.81362e+08,7953714688
NVIDIA RTX PRO 5000 Blackwell,rna004_130bps_fast@v5.3.0,2304,1.81548e+08,8149135872
NVIDIA RTX PRO 5000 Blackwell,rna004_130bps_fast@v5.3.0,2368,1.76549e+08,8346350592
NVIDIA RTX PRO 5000 Blackwell,rna004_130bps_fast@v5.3.0,2432,1.76197e+08,8543997952
NVIDIA RTX PRO 5000 Blackwell,rna004_130bps_fast@v5.3.0,2496,1.77119e+08,8739036672
NVIDIA RTX PRO 5000 Blackwell,rna004_130bps_fast@v5.3.0,2560,1.7648e+08,8934842880
NVIDIA RTX PRO 5000 Blackwell,rna004_130bps_fast@v5.3.0,2624,1.80184e+08,9134843904
NVIDIA RTX PRO 5000 Blackwell,rna004_130bps_fast@v5.3.0,2688,1.73119e+08,9328296960
NVIDIA RTX PRO 5000 Blackwell,rna004_130bps_fast@v5.3.0,2752,1.78294e+08,9526986240
NVIDIA RTX PRO 5000 Blackwell,rna004_130bps_fast@v5.3.0,2816,1.77297e+08,9718067712
NVIDIA RTX PRO 5000 Blackwell,rna004_130bps_fast@v5.3.0,2880,1.80725e+08,9918068224
NVIDIA RTX PRO 5000 Blackwell,rna004_130bps_fast@v5.3.0,2944,1.79717e+08,10114369536
NVIDIA RTX PRO 5000 Blackwell,rna004_130bps_fast@v5.3.0,3008,1.82992e+08,10310243840
NVIDIA RTX PRO 5000 Blackwell,rna004_130bps_fast@v5.3.0,3072,1.81112e+08,10508468736
NVIDIA RTX PRO 5000 Blackwell,rna004_130bps_fast@v5.3.0,3136,1.78315e+08,10701409792
NVIDIA RTX PRO 5000 Blackwell,rna004_130bps_fast@v5.3.0,3200,1.82222e+08,10897546240
NVIDIA RTX PRO 5000 Blackwell,rna004_130bps_fast@v5.3.0,3264,1.79247e+08,11095962112
NVIDIA RTX PRO 5000 Blackwell,rna004_130bps_fast@v5.3.0,3328,1.82439e+08,11292815872
NVIDIA RTX PRO 5000 Blackwell,rna004_130bps_fast@v5.3.0,3392,1.86032e+08,11489951232
NVIDIA RTX PRO 5000 Blackwell,rna004_130bps_fast@v5.3.0,3456,1.8275e+08,11683291136
NVIDIA RTX PRO 5000 Blackwell,rna004_130bps_fast@v5.3.0,3520,1.85973e+08,11879138816
NVIDIA RTX PRO 5000 Blackwell,rna004_130bps_fast@v5.3.0,3584,1.82689e+08,12080325120
NVIDIA RTX PRO 5000 Blackwell,rna004_130bps_fast@v5.3.0,3648,1.85205e+08,12271937024
NVIDIA RTX PRO 5000 Blackwell,rna004_130bps_fast@v5.3.0,3712,1.791e+08,12473530880
NVIDIA RTX PRO 5000 Blackwell,rna004_130bps_fast@v5.3.0,3776,1.84197e+08,12670666240
NVIDIA RTX PRO 5000 Blackwell,rna004_130bps_fast@v5.3.0,3840,1.87306e+08,12861510144
NVIDIA RTX PRO 5000 Blackwell,rna004_130bps_fast@v5.3.0,3904,1.80563e+08,13059356160
NVIDIA RTX PRO 5000 Blackwell,rna004_130bps_fast@v5.3.0,3968,1.78257e+08,13255162368
NVIDIA RTX PRO 5000 Blackwell,rna004_130bps_fast@v5.3.0,4032,1.80751e+08,13455013376
NVIDIA RTX PRO 5000 Blackwell,rna004_130bps_fast@v5.3.0,4096,1.83574e+08,13650051584
NVIDIA RTX PRO 5000 Blackwell,rna004_130bps_fast@v5.3.0,4160,1.8636e+08,13845089792
NVIDIA RTX PRO 5000 Blackwell,rna004_130bps_fast@v5.3.0,4224,1.80972e+08,14042581504
NVIDIA RTX PRO 5000 Blackwell,rna004_130bps_fast@v5.3.0,4288,1.83717e+08,14238387712
NVIDIA RTX PRO 5000 Blackwell,rna004_130bps_fast@v5.3.0,4352,1.8617e+08,14434193920
NVIDIA RTX PRO 5000 Blackwell,rna004_130bps_fast@v5.3.0,4416,1.80492e+08,14631534080
NVIDIA RTX PRO 5000 Blackwell,rna004_130bps_fast@v5.3.0,4480,1.82747e+08,14828669440
NVIDIA RTX PRO 5000 Blackwell,rna004_130bps_fast@v5.3.0,4544,1.85157e+08,15023709696
NVIDIA RTX PRO 5000 Blackwell,rna004_130bps_fast@v5.3.0,4608,1.79294e+08,15217418752
NVIDIA RTX PRO 5000 Blackwell,rna004_130bps_fast@v5.3.0,4672,1.81391e+08,15415322112
NVIDIA RTX PRO 5000 Blackwell,rna004_130bps_fast@v5.3.0,4736,1.83543e+08,15617210880
NVIDIA RTX PRO 5000 Blackwell,rna004_130bps_fast@v5.3.0,4800,1.75758e+08,15808054784
NVIDIA RTX PRO 5000 Blackwell,rna004_130bps_fast@v5.3.0,4864,1.79155e+08,16007287296
NVIDIA RTX PRO 5000 Blackwell,rna004_130bps_fast@v5.3.0,4928,1.81902e+08,16202325504
NVIDIA RTX PRO 5000 Blackwell,rna004_130bps_fast@v5.3.0,4992,1.83912e+08,16403655168
NVIDIA RTX PRO 5000 Blackwell,rna004_130bps_fast@v5.3.0,5056,1.76503e+08,16598693376
NVIDIA RTX PRO 5000 Blackwell,rna004_130bps_fast@v5.3.0,5120,1.77244e+08,16789537280
NVIDIA RTX PRO 5000 Blackwell,rna004_130bps_fast@v5.3.0,5184,1.81259e+08,16988769792
NVIDIA RTX PRO 5000 Blackwell,rna004_130bps_fast@v5.3.0,5248,1.81734e+08,17190099456
NVIDIA RTX PRO 5000 Blackwell,rna004_130bps_fast@v5.3.0,5312,1.83901e+08,17383040512
NVIDIA RTX PRO 5000 Blackwell,rna004_130bps_fast@v5.3.0,5376,1.763e+08,17580175872
NVIDIA RTX PRO 5000 Blackwell,rna004_130bps_fast@v5.3.0,5440,1.78182e+08,17773116928
NVIDIA RTX PRO 5000 Blackwell,rna004_130bps_fast@v5.3.0,5504,1.80318e+08,17970252288
NVIDIA RTX PRO 5000 Blackwell,rna004_130bps_fast@v5.3.0,5568,1.82112e+08,18169484800
NVIDIA RTX PRO 5000 Blackwell,rna004_130bps_fast@v5.3.0,5632,1.83754e+08,18364523008
NVIDIA RTX PRO 5000 Blackwell,rna004_130bps_fast@v5.3.0,5696,1.86134e+08,18559561216
NVIDIA RTX PRO 5000 Blackwell,rna004_130bps_fast@v5.3.0,5760,1.77431e+08,18754599424
NVIDIA RTX PRO 5000 Blackwell,rna004_130bps_fast@v5.3.0,5824,1.79296e+08,18951734784
NVIDIA RTX PRO 5000 Blackwell,rna004_130bps_fast@v5.3.0,5888,1.81356e+08,19150967296
NVIDIA RTX PRO 5000 Blackwell,rna004_130bps_fast@v5.3.0,5952,1.84114e+08,19346005504
NVIDIA RTX PRO 5000 Blackwell,rna004_130bps_fast@v5.3.0,6016,1.84777e+08,19543140864
NVIDIA RTX PRO 5000 Blackwell,rna004_130bps_fast@v5.3.0,6080,1.86891e+08,19738179072
NVIDIA RTX PRO 5000 Blackwell,rna004_130bps_fast@v5.3.0,6144,1.77643e+08,19935314432
NVIDIA RTX PRO 5000 Blackwell,rna004_130bps_fast@v5.3.0,6208,1.79634e+08,20130352640
NVIDIA RTX PRO 5000 Blackwell,rna004_130bps_fast@v5.3.0,6272,1.79465e+08,20325390848
NVIDIA RTX PRO 5000 Blackwell,rna004_130bps_fast@v5.3.0,6336,1.82081e+08,20526720512
NVIDIA RTX PRO 5000 Blackwell,rna004_130bps_fast@v5.3.0,6400,1.83831e+08,20721758720
NVIDIA RTX PRO 5000 Blackwell,rna004_130bps_fast@v5.3.0,6464,1.85494e+08,20916796928
NVIDIA RTX PRO 5000 Blackwell,rna004_130bps_fast@v5.3.0,6528,1.87203e+08,21111835136
NVIDIA RTX PRO 5000 Blackwell,rna004_130bps_fast@v5.3.0,6592,1.7685e+08,21308970496
NVIDIA RTX PRO 5000 Blackwell,rna004_130bps_fast@v5.3.0,6656,1.78224e+08,21508203008
NVIDIA RTX PRO 5000 Blackwell,rna004_130bps_fast@v5.3.0,6720,1.80007e+08,21705338368
NVIDIA RTX PRO 5000 Blackwell,rna004_130bps_fast@v5.3.0,6784,1.81918e+08,21898279424
NVIDIA RTX PRO 5000 Blackwell,rna004_130bps_fast@v5.3.0,6848,1.82981e+08,22097511936
NVIDIA RTX PRO 5000 Blackwell,rna004_130bps_fast@v5.3.0,6912,1.84973e+08,22288355840
NVIDIA RTX PRO 5000 Blackwell,rna004_130bps_fast@v5.3.0,6976,1.73453e+08,22485491200
NVIDIA RTX PRO 5000 Blackwell,rna004_130bps_fast@v5.3.0,7040,1.75302e+08,22686820864
NVIDIA RTX PRO 5000 Blackwell,rna004_130bps_fast@v5.3.0,7104,1.76441e+08,22879761920
NVIDIA RTX PRO 5000 Blackwell,rna004_130bps_fast@v5.3.0,7168,1.77809e+08,23078994432
NVIDIA RTX PRO 5000 Blackwell,rna004_130bps_fast@v5.3.0,7232,1.78635e+08,23269838336
NVIDIA RTX PRO 5000 Blackwell,rna004_130bps_fast@v5.3.0,7296,1.80706e+08,23466973696
NVIDIA RTX PRO 5000 Blackwell,rna004_130bps_fast@v5.3.0,7360,1.81411e+08,23670400512
NVIDIA RTX PRO 5000 Blackwell,rna004_130bps_fast@v5.3.0,7424,1.84657e+08,23863341568
NVIDIA RTX PRO 5000 Blackwell,rna004_130bps_fast@v5.3.0,7488,1.71956e+08,24060476928
NVIDIA RTX PRO 5000 Blackwell,rna004_130bps_fast@v5.3.0,7552,1.73023e+08,24257612288
NVIDIA RTX PRO 5000 Blackwell,rna004_130bps_fast@v5.3.0,7616,1.74308e+08,24450553344
NVIDIA RTX PRO 5000 Blackwell,rna004_130bps_fast@v5.3.0,7680,1.75737e+08,24647688704
NVIDIA RTX PRO 5000 Blackwell,rna004_130bps_fast@v5.3.0,7744,1.77042e+08,24844824064
NVIDIA RTX PRO 5000 Blackwell,rna004_130bps_fast@v5.3.0,7808,1.78196e+08,25039862272
NVIDIA RTX PRO 5000 Blackwell,rna004_130bps_fast@v5.3.0,7872,1.79619e+08,25241191936
NVIDIA RTX PRO 5000 Blackwell,rna004_130bps_fast@v5.3.0,7936,1.80753e+08,25432035840
NVIDIA RTX PRO 5000 Blackwell,rna004_130bps_fast@v5.3.0,8000,1.82194e+08,25629171200
NVIDIA RTX PRO 5000 Blackwell,rna004_130bps_fast@v5.3.0,8064,1.83365e+08,25826306560
NVIDIA RTX PRO 5000 Blackwell,rna004_130bps_fast@v5.3.0,8128,1.70365e+08,26025539072
NVIDIA RTX PRO 5000 Blackwell,rna004_130bps_fast@v5.3.0,8192,1.72684e+08,26220577280
NVIDIA RTX PRO 5000 Blackwell,rna004_130bps_fast@v5.3.0,8256,1.72544e+08,26413518336
NVIDIA RTX PRO 5000 Blackwell,rna004_130bps_fast@v5.3.0,8320,1.7427e+08,26577099264
NVIDIA RTX PRO 5000 Blackwell,rna004_130bps_fast@v5.3.0,8384,1.75328e+08,26736485888
NVIDIA RTX PRO 5000 Blackwell,rna004_130bps_fast@v5.3.0,8448,1.76718e+08,26906358272
NVIDIA RTX PRO 5000 Blackwell,rna004_130bps_fast@v5.3.0,8512,1.74538e+08,27067842048
NVIDIA RTX PRO 5000 Blackwell,rna004_130bps_fast@v5.3.0,8576,1.77061e+08,27229325824
NVIDIA RTX PRO 5000 Blackwell,rna004_130bps_fast@v5.3.0,8640,1.80099e+08,27390809600
NVIDIA RTX PRO 5000 Blackwell,rna004_130bps_fast@v5.3.0,8704,1.80368e+08,27556487680
NVIDIA RTX PRO 5000 Blackwell,rna004_130bps_fast@v5.3.0,8768,1.82971e+08,27720068608
NVIDIA RTX PRO 5000 Blackwell,rna004_130bps_fast@v5.3.0,8832,1.81528e+08,27881552384
NVIDIA RTX PRO 5000 Blackwell,rna004_130bps_fast@v5.3.0,8896,1.65147e+08,28040939008
NVIDIA RTX PRO 5000 Blackwell,rna004_130bps_fast@v5.3.0,8960,1.70166e+08,28206617088
NVIDIA RTX PRO 5000 Blackwell,rna004_130bps_fast@v5.3.0,9024,1.71613e+08,28370198016
NVIDIA RTX PRO 5000 Blackwell,rna004_130bps_fast@v5.3.0,9088,1.72026e+08,28533778944
NVIDIA RTX PRO 5000 Blackwell,rna004_130bps_fast@v5.3.0,9152,1.7342e+08,28697359872
NVIDIA RTX PRO 5000 Blackwell,rna004_130bps_fast@v5.3.0,9216,1.73814e+08,28856746496
NVIDIA RTX PRO 5000 Blackwell,rna004_130bps_fast@v5.3.0,9280,1.76245e+08,29022424576
NVIDIA RTX PRO 5000 Blackwell,rna004_130bps_fast@v5.3.0,9344,1.76333e+08,29183908352
NVIDIA RTX PRO 5000 Blackwell,rna004_130bps_fast@v5.3.0,9408,1.77772e+08,29343294976
NVIDIA RTX PRO 5000 Blackwell,rna004_130bps_fast@v5.3.0,9472,1.78459e+08,29513167360
NVIDIA RTX PRO 5000 Blackwell,rna004_130bps_fast@v5.3.0,9536,1.80124e+08,29670456832
NVIDIA RTX PRO 5000 Blackwell,rna004_130bps_fast@v5.3.0,9600,1.80632e+08,29834037760
NVIDIA RTX PRO 5000 Blackwell,rna004_130bps_fast@v5.3.0,9664,1.81057e+08,29997618688
NVIDIA RTX PRO 5000 Blackwell,rna004_130bps_fast@v5.3.0,9728,1.82703e+08,30159102464
NVIDIA RTX PRO 5000 Blackwell,rna004_130bps_fast@v5.3.0,9792,1.84239e+08,30324780544
NVIDIA RTX PRO 5000 Blackwell,rna004_130bps_fast@v5.3.0,9856,1.68824e+08,30486264320
NVIDIA RTX PRO 5000 Blackwell,rna004_130bps_fast@v5.3.0,9920,1.68936e+08,30647748096
NVIDIA RTX PRO 5000 Blackwell,rna004_130bps_fast@v5.3.0,9984,1.7008e+08,30815523328
NVIDIA RTX PRO 5000 Blackwell,rna004_130bps_fast@v5.3.0,10048,1.70981e+08,30972812800
NVIDIA RTX PRO 5000 Blackwell,rna004_130bps_fast@v5.3.0,10112,1.72441e+08,31134296576
NVIDIA RTX PRO 5000 Blackwell,rna004_130bps_fast@v5.3.0,10176,1.7314e+08,31304168960
NVIDIA RTX PRO 5000 Blackwell,rna004_130bps_fast@v5.3.0,10240,1.72306e+08,31463555584
NVIDIA RTX PRO 5000 Blackwell,rna004_130bps_hac@v5.3.0,64,1.22707e+07,492476416
NVIDIA RTX PRO 5000 Blackwell,rna004_130bps_hac@v5.3.0,128,2.23683e+07,963216384
NVIDIA RTX PRO 5000 Blackwell,rna004_130bps_hac@v5.3.0,192,3.10521e+07,1433776640
NVIDIA RTX PRO 5000 Blackwell,rna004_130bps_hac@v5.3.0,256,4.03732e+07,1904528896
NVIDIA RTX PRO 5000 Blackwell,rna004_130bps_hac@v5.3.0,320,4.34019e+07,2374914048
NVIDIA RTX PRO 5000 Blackwell,rna004_130bps_hac@v5.3.0,384,5.07448e+07,2846689792
NVIDIA RTX PRO 5000 Blackwell,rna004_130bps_hac@v5.3.0,448,5.63088e+07,3316855808
NVIDIA RTX PRO 5000 Blackwell,rna004_130bps_hac@v5.3.0,512,6.17664e+07,3787220480
NVIDIA RTX PRO 5000 Blackwell,rna004_130bps_hac@v5.3.0,576,6.62869e+07,4255278592
NVIDIA RTX PRO 5000 Blackwell,rna004_130bps_hac@v5.3.0,640,5.70874e+07,4727079424
NVIDIA RTX PRO 5000 Blackwell,rna004_130bps_hac@v5.3.0,704,5.9538e+07,5190533120
NVIDIA RTX PRO 5000 Blackwell,rna004_130bps_hac@v5.3.0,768,6.18863e+07,5647841280
NVIDIA RTX PRO 5000 Blackwell,rna004_130bps_hac@v5.3.0,832,6.45431e+07,6135536128
NVIDIA RTX PRO 5000 Blackwell,rna004_130bps_hac@v5.3.0,896,6.59379e+07,6609961984
NVIDIA RTX PRO 5000 Blackwell,rna004_130bps_hac@v5.3.0,960,6.88353e+07,7056426496
NVIDIA RTX PRO 5000 Blackwell,rna004_130bps_hac@v5.3.0,1024,7.18186e+07,7530515968
NVIDIA RTX PRO 5000 Blackwell,rna004_130bps_hac@v5.3.0,1088,7.35023e+07,7995256320
NVIDIA RTX PRO 5000 Blackwell,rna004_130bps_hac@v5.3.0,1152,7.65353e+07,8471730176
NVIDIA RTX PRO 5000 Blackwell,rna004_130bps_hac@v5.3.0,1216,6.88136e+07,8909564416
NVIDIA RTX PRO 5000 Blackwell,rna004_130bps_hac@v5.3.0,1280,6.98885e+07,9409751552
NVIDIA RTX PRO 5000 Blackwell,rna004_130bps_hac@v5.3.0,1344,7.08337e+07,9844238848
NVIDIA RTX PRO 5000 Blackwell,rna004_130bps_hac@v5.3.0,1408,7.68579e+07,10345548288
NVIDIA RTX PRO 5000 Blackwell,rna004_130bps_hac@v5.3.0,1472,7.58031e+07,10838913024
NVIDIA RTX PRO 5000 Blackwell,rna004_130bps_hac@v5.3.0,1536,8.08258e+07,11286050304
NVIDIA RTX PRO 5000 Blackwell,rna004_130bps_hac@v5.3.0,1600,7.92431e+07,11757094400
NVIDIA RTX PRO 5000 Blackwell,rna004_130bps_hac@v5.3.0,1664,8.42579e+07,12220891648
NVIDIA RTX PRO 5000 Blackwell,rna004_130bps_hac@v5.3.0,1728,8.20913e+07,12698553856
NVIDIA RTX PRO 5000 Blackwell,rna004_130bps_hac@v5.3.0,1792,8.69457e+07,13120630272
NVIDIA RTX PRO 5000 Blackwell,rna004_130bps_hac@v5.3.0,1856,8.44282e+07,13631826944
NVIDIA RTX PRO 5000 Blackwell,rna004_130bps_hac@v5.3.0,1920,9.13257e+07,14055579136
NVIDIA RTX PRO 5000 Blackwell,rna004_130bps_hac@v5.3.0,1984,8.80857e+07,14526248448
NVIDIA RTX PRO 5000 Blackwell,rna004_130bps_hac@v5.3.0,2048,9.28224e+07,14989649408
NVIDIA RTX PRO 5000 Blackwell,rna004_130bps_hac@v5.3.0,2112,8.97379e+07,15507680256
NVIDIA RTX PRO 5000 Blackwell,rna004_130bps_hac@v5.3.0,2176,9.48513e+07,15971927040
NVIDIA RTX PRO 5000 Blackwell,rna004_130bps_hac@v5.3.0,2240,9.28762e+07,16453635072
NVIDIA RTX PRO 5000 Blackwell,rna004_130bps_hac@v5.3.0,2304,9.55871e+07,16857839104
NVIDIA RTX PRO 5000 Blackwell,rna004_130bps_hac@v5.3.0,2368,7.67576e+07,17380961792
NVIDIA RTX PRO 5000 Blackwell,rna004_130bps_hac@v5.3.0,2432,7.67049e+07,17850933760
NVIDIA RTX PRO 5000 Blackwell,rna004_130bps_hac@v5.3.0,2496,7.66044e+07,18324903936
NVIDIA RTX PRO 5000 Blackwell,rna004_130bps_hac@v5.3.0,2560,7.7923e+07,18729265664
NVIDIA RTX PRO 5000 Blackwell,rna004_130bps_hac@v5.3.0,2624,7.73225e+07,19288994304
NVIDIA RTX PRO 5000 Blackwell,rna004_130bps_hac@v5.3.0,2688,7.91126e+07,19723527680
NVIDIA RTX PRO 5000 Blackwell,rna004_130bps_hac@v5.3.0,2752,7.86367e+07,20200338944
NVIDIA RTX PRO 5000 Blackwell,rna004_130bps_hac@v5.3.0,2816,8.03961e+07,20594083328
NVIDIA RTX PRO 5000 Blackwell,rna004_130bps_hac@v5.3.0,2880,8.22586e+07,21136710144
NVIDIA RTX PRO 5000 Blackwell,rna004_130bps_hac@v5.3.0,2944,7.83662e+07,21533173248
NVIDIA RTX PRO 5000 Blackwell,rna004_130bps_hac@v5.3.0,3008,8.87234e+07,22071692288
NVIDIA RTX PRO 5000 Blackwell,rna004_130bps_hac@v5.3.0,3072,8.44216e+07,22566701568
NVIDIA RTX PRO 5000 Blackwell,rna004_130bps_hac@v5.3.0,3136,8.93715e+07,23004003328
NVIDIA RTX PRO 5000 Blackwell,rna004_130bps_hac@v5.3.0,3200,8.18968e+07,23475752960
NVIDIA RTX PRO 5000 Blackwell,rna004_130bps_hac@v5.3.0,3264,8.99468e+07,23945961984
NVIDIA RTX PRO 5000 Blackwell,rna004_130bps_hac@v5.3.0,3328,8.49702e+07,24345292800
NVIDIA RTX PRO 5000 Blackwell,rna004_130bps_hac@v5.3.0,3392,9.33553e+07,24885033984
NVIDIA RTX PRO 5000 Blackwell,rna004_130bps_hac@v5.3.0,3456,8.47961e+07,25354223104
NVIDIA RTX PRO 5000 Blackwell,rna004_130bps_hac@v5.3.0,3520,8.26428e+07,25818193920
NVIDIA RTX PRO 5000 Blackwell,rna004_130bps_hac@v5.3.0,3584,9.11126e+07,26325458944
NVIDIA RTX PRO 5000 Blackwell,rna004_130bps_hac@v5.3.0,3648,8.5759e+07,26755937280
NVIDIA RTX PRO 5000 Blackwell,rna004_130bps_hac@v5.3.0,3712,8.72852e+07,27238927360
NVIDIA RTX PRO 5000 Blackwell,rna004_130bps_hac@v5.3.0,3776,8.53826e+07,27706195456
NVIDIA RTX PRO 5000 Blackwell,rna004_130bps_hac@v5.3.0,3840,9.38665e+07,28200500224
NVIDIA RTX PRO 5000 Blackwell,rna004_130bps_hac@v5.3.0,3904,8.78295e+07,28541158400
NVIDIA RTX PRO 5000 Blackwell,rna004_130bps_hac@v5.3.0,3968,8.92103e+07,29021326336
NVIDIA RTX PRO 5000 Blackwell,rna004_130bps_hac@v5.3.0,4032,8.70723e+07,29474207232
NVIDIA RTX PRO 5000 Blackwell,rna004_130bps_hac@v5.3.0,4096,9.59436e+07,29950569472
NVIDIA RTX PRO 5000 Blackwell,rna004_130bps_hac@v5.3.0,4160,8.96577e+07,30506226176
NVIDIA RTX PRO 5000 Blackwell,rna004_130bps_hac@v5.3.0,4224,9.44183e+07,31006610432
NVIDIA RTX PRO 5000 Blackwell,rna004_130bps_hac@v5.3.0,4288,9.19321e+07,31467066880
NVIDIA RTX PRO 5000 Blackwell,rna004_130bps_hac@v5.3.0,4352,9.75588e+07,31916594688
NVIDIA RTX PRO 5000 Blackwell,rna004_130bps_hac@v5.3.0,4416,9.04125e+07,32387454976
NVIDIA RTX PRO 5000 Blackwell,rna004_130bps_hac@v5.3.0,4480,9.59075e+07,32868334592
NVIDIA RTX PRO 5000 Blackwell,rna004_130bps_hac@v5.3.0,4544,9.3099e+07,33305651712
NVIDIA RTX PRO 5000 Blackwell,rna004_130bps_hac@v5.3.0,4608,9.88065e+07,33791876096
NVIDIA RTX PRO 5000 Blackwell,rna004_130bps_hac@v5.3.0,4672,8.62401e+07,34259987456
NVIDIA RTX PRO 5000 Blackwell,rna004_130bps_hac@v5.3.0,4736,8.35088e+07,34741260288
NVIDIA RTX PRO 5000 Blackwell,rna004_130bps_hac@v5.3.0,4800,8.37374e+07,35200020480
NVIDIA RTX PRO 5000 Blackwell,rna004_130bps_hac@v5.3.0,4864,7.98186e+07,35602254336
NVIDIA RTX PRO 5000 Blackwell,rna004_130bps_hac@v5.3.0,4928,8.63381e+07,36002004480
NVIDIA RTX PRO 5000 Blackwell,rna004_130bps_hac@v5.3.0,4992,8.21892e+07,36619800064
NVIDIA RTX PRO 5000 Blackwell,rna004_130bps_hac@v5.3.0,5056,8.82686e+07,37087700992
NVIDIA RTX PRO 5000 Blackwell,rna004_130bps_hac@v5.3.0,5120,8.43581e+07,37443401728
NVIDIA RTX PRO 5000 Blackwell,rna004_130bps_hac@v5.3.0,5184,9.05852e+07,37948291584
NVIDIA RTX PRO 5000 Blackwell,rna004_130bps_hac@v5.3.0,5248,8.66724e+07,38555539968
NVIDIA RTX PRO 5000 Blackwell,rna004_130bps_hac@v5.3.0,5312,8.76617e+07,39016371200
NVIDIA RTX PRO 5000 Blackwell,rna004_130bps_hac@v5.3.0,5376,8.85381e+07,39328525312
NVIDIA RTX PRO 5000 Blackwell,rna004_130bps_hac@v5.3.0,5440,8.99226e+07,39776289280
NVIDIA RTX PRO 5000 Blackwell,rna004_130bps_hac@v5.3.0,5504,8.54021e+07,40372220416
NVIDIA RTX PRO 5000 Blackwell,rna004_130bps_hac@v5.3.0,5568,9.19878e+07,40723883008
NVIDIA RTX PRO 5000 Blackwell,rna004_130bps_hac@v5.3.0,5632,8.73407e+07,41185100288
NVIDIA RTX PRO 5000 Blackwell,rna004_130bps_hac@v5.3.0,5696,9.39314e+07,41661087232
NVIDIA RTX PRO 5000 Blackwell,rna004_130bps_hac@v5.3.0,5760,8.92636e+07,42121929216
NVIDIA RTX PRO 5000 Blackwell,rna004_130bps_hac@v5.3.0,5824,8.48572e+07,42590966784
NVIDIA RTX PRO 5000 Blackwell,rna004_130bps_hac@v5.3.0,5888,8.5399e+07,43051120128
NVIDIA RTX PRO 5000 Blackwell,rna004_130bps_hac@v5.3.0,5952,8.65927e+07,43480686080
NVIDIA RTX PRO 5000 Blackwell,rna004_130bps_hac@v5.3.0,6016,8.7552e+07,43986006528
NVIDIA RTX PRO 5000 Blackwell,rna004_130bps_hac@v5.3.0,6080,8.7905e+07,44418143232
NVIDIA RTX PRO 5000 Blackwell,rna004_130bps_hac@v5.3.0,6144,8.76242e+07,44655900160
NVIDIA RTX PRO 5000 Blackwell,rna004_130bps_sup@v5.3.0,32,9.07288e+06,2025630720
NVIDIA RTX PRO 5000 Blackwell,rna004_130bps_sup@v5.3.0,64,1.12544e+07,3200070144
NVIDIA RTX PRO 5000 Blackwell,rna004_130bps_sup@v5.3.0,96,1.20248e+07,4375033344
NVIDIA RTX PRO 5000 Blackwell,rna004_130bps_sup@v5.3.0,128,1.21356e+07,5566774272
NVIDIA RTX PRO 5000 Blackwell,rna004_130bps_sup@v5.3.0,160,1.25136e+07,6758023680
NVIDIA RTX PRO 5000 Blackwell,rna004_130bps_sup@v5.3.0,192,1.2721e+07,7944685568
NVIDIA RTX PRO 5000 Blackwell,rna004_130bps_sup@v5.3.0,224,1.2575e+07,9135280640
NVIDIA RTX PRO 5000 Blackwell,rna004_130bps_sup@v5.3.0,256,1.27204e+07,10327184384
NVIDIA RTX PRO 5000 Blackwell,rna004_130bps_sup@v5.3.0,288,1.29831e+07,11525085696
NVIDIA RTX PRO 5000 Blackwell,rna004_130bps_sup@v5.3.0,320,1.29591e+07,12712828928
NVIDIA RTX PRO 5000 Blackwell,rna004_130bps_sup@v5.3.0,352,1.29498e+07,13907815424
NVIDIA RTX PRO 5000 Blackwell,rna004_130bps_sup@v5.3.0,384,1.30681e+07,15099785728
NVIDIA RTX PRO 5000 Blackwell,rna004_fast@v6.0.0,64,3.72596e+07,1241721344
NVIDIA RTX PRO 5000 Blackwell,rna004_fast@v6.0.0,128,5.98037e+07,1408109568
NVIDIA RTX PRO 5000 Blackwell,rna004_fast@v6.0.0,192,8.33751e+07,1572402176
NVIDIA RTX PRO 5000 Blackwell,rna004_fast@v6.0.0,256,1.02609e+08,1738789376
NVIDIA RTX PRO 5000 Blackwell,rna004_fast@v6.0.0,320,1.21131e+08,1903081984
NVIDIA RTX PRO 5000 Blackwell,rna004_fast@v6.0.0,384,1.37129e+08,2069470208
NVIDIA RTX PRO 5000 Blackwell,rna004_fast@v6.0.0,448,1.40578e+08,2234510848
NVIDIA RTX PRO 5000 Blackwell,rna004_fast@v6.0.0,512,1.53328e+08,2400150016
NVIDIA RTX PRO 5000 Blackwell,rna004_fast@v6.0.0,576,1.62833e+08,2563483136
NVIDIA RTX PRO 5000 Blackwell,rna004_fast@v6.0.0,640,1.71382e+08,2729231360
NVIDIA RTX PRO 5000 Blackwell,rna004_fast@v6.0.0,704,1.77063e+08,2887538176
NVIDIA RTX PRO 5000 Blackwell,rna004_fast@v6.0.0,768,1.83938e+08,3061510656
NVIDIA RTX PRO 5000 Blackwell,rna004_fast@v6.0.0,832,1.90845e+08,3224011776
NVIDIA RTX PRO 5000 Blackwell,rna004_fast@v6.0.0,896,1.83389e+08,3385158144
NVIDIA RTX PRO 5000 Blackwell,rna004_fast@v6.0.0,960,1.88845e+08,3548984832
NVIDIA RTX PRO 5000 Blackwell,rna004_fast@v6.0.0,1024,1.92042e+08,3711075840
NVIDIA RTX PRO 5000 Blackwell,rna004_fast@v6.0.0,1088,1.96331e+08,3877596160
NVIDIA RTX PRO 5000 Blackwell,rna004_fast@v6.0.0,1152,1.98755e+08,4037946368
NVIDIA RTX PRO 5000 Blackwell,rna004_fast@v6.0.0,1216,2.02663e+08,4217372160
NVIDIA RTX PRO 5000 Blackwell,rna004_fast@v6.0.0,1280,2.07608e+08,4379643904
NVIDIA RTX PRO 5000 Blackwell,rna004_fast@v6.0.0,1344,2.0129e+08,4545953280
NVIDIA RTX PRO 5000 Blackwell,rna004_fast@v6.0.0,1408,2.04844e+08,4695828480
NVIDIA RTX PRO 5000 Blackwell,rna004_fast@v6.0.0,1472,2.05461e+08,4864870400
NVIDIA RTX PRO 5000 Blackwell,rna004_fast@v6.0.0,1536,2.08053e+08,5025802240
NVIDIA RTX PRO 5000 Blackwell,rna004_fast@v6.0.0,1600,2.10933e+08,5193810944
NVIDIA RTX PRO 5000 Blackwell,rna004_fast@v6.0.0,1664,2.13796e+08,5341485056
NVIDIA RTX PRO 5000 Blackwell,rna004_fast@v6.0.0,1728,2.15255e+08,5509042176
NVIDIA RTX PRO 5000 Blackwell,rna004_fast@v6.0.0,1792,2.09261e+08,5672942592
NVIDIA RTX PRO 5000 Blackwell,rna004_fast@v6.0.0,1856,2.1291e+08,5835634176
NVIDIA RTX PRO 5000 Blackwell,rna004_fast@v6.0.0,1920,2.15779e+08,6002171904
NVIDIA RTX PRO 5000 Blackwell,rna004_fast@v6.0.0,1984,2.09002e+08,6162625536
NVIDIA RTX PRO 5000 Blackwell,rna004_fast@v6.0.0,2048,2.14228e+08,6330892800
NVIDIA RTX PRO 5000 Blackwell,rna004_fast@v6.0.0,2112,2.16562e+08,6494614016
NVIDIA RTX PRO 5000 Blackwell,rna004_fast@v6.0.0,2176,2.18703e+08,6656737792
NVIDIA RTX PRO 5000 Blackwell,rna004_fast@v6.0.0,2240,2.11714e+08,6821215232
NVIDIA RTX PRO 5000 Blackwell,rna004_fast@v6.0.0,2304,2.1359e+08,6981667328
NVIDIA RTX PRO 5000 Blackwell,rna004_fast@v6.0.0,2368,2.08629e+08,7148797440
NVIDIA RTX PRO 5000 Blackwell,rna004_fast@v6.0.0,2432,2.09776e+08,7314475520
NVIDIA RTX PRO 5000 Blackwell,rna004_fast@v6.0.0,2496,2.11169e+08,7473862144
NVIDIA RTX PRO 5000 Blackwell,rna004_fast@v6.0.0,2560,2.11318e+08,7640257024
NVIDIA RTX PRO 5000 Blackwell,rna004_fast@v6.0.0,2624,2.11303e+08,7804904960
NVIDIA RTX PRO 5000 Blackwell,rna004_fast@v6.0.0,2688,2.11885e+08,7968406016
NVIDIA RTX PRO 5000 Blackwell,rna004_fast@v6.0.0,2752,2.11013e+08,8136574464
NVIDIA RTX PRO 5000 Blackwell,rna004_fast@v6.0.0,2816,2.09832e+08,8295961088
NVIDIA RTX PRO 5000 Blackwell,rna004_fast@v6.0.0,2880,2.14706e+08,8461968896
NVIDIA RTX PRO 5000 Blackwell,rna004_fast@v6.0.0,2944,2.13148e+08,8626044928
NVIDIA RTX PRO 5000 Blackwell,rna004_fast@v6.0.0,3008,2.12775e+08,8789509632
NVIDIA RTX PRO 5000 Blackwell,rna004_fast@v6.0.0,3072,2.16218e+08,8953729536
NVIDIA RTX PRO 5000 Blackwell,rna004_fast@v6.0.0,3136,2.14531e+08,9115853312
NVIDIA RTX PRO 5000 Blackwell,rna004_fast@v6.0.0,3200,2.12388e+08,9282007040
NVIDIA RTX PRO 5000 Blackwell,rna004_fast@v6.0.0,3264,2.17893e+08,9448112128
NVIDIA RTX PRO 5000 Blackwell,rna004_fast@v6.0.0,3328,2.15019e+08,9608802816
NVIDIA RTX PRO 5000 Blackwell,rna004_fast@v6.0.0,3392,2.19027e+08,9772736000
NVIDIA RTX PRO 5000 Blackwell,rna004_fast@v6.0.0,3456,2.16227e+08,9932762624
NVIDIA RTX PRO 5000 Blackwell,rna004_fast@v6.0.0,3520,2.20803e+08,10099483648
NVIDIA RTX PRO 5000 Blackwell,rna004_fast@v6.0.0,3584,2.1798e+08,10266053120
NVIDIA RTX PRO 5000 Blackwell,rna004_fast@v6.0.0,3648,2.14329e+08,10428804608
NVIDIA RTX PRO 5000 Blackwell,rna004_fast@v6.0.0,3712,2.17574e+08,10594482688
NVIDIA RTX PRO 5000 Blackwell,rna004_fast@v6.0.0,3776,2.20949e+08,10753882112
NVIDIA RTX PRO 5000 Blackwell,rna004_fast@v6.0.0,3840,2.18192e+08,10920622592
NVIDIA RTX PRO 5000 Blackwell,rna004_fast@v6.0.0,3904,2.20867e+08,11085270528
NVIDIA RTX PRO 5000 Blackwell,rna004_fast@v6.0.0,3968,2.1647e+08,11248625152
NVIDIA RTX PRO 5000 Blackwell,rna004_fast@v6.0.0,4032,2.1245e+08,11414484480
NVIDIA RTX PRO 5000 Blackwell,rna004_fast@v6.0.0,4096,2.15602e+08,11580211712
NVIDIA RTX PRO 5000 Blackwell,rna004_fast@v6.0.0,4160,2.1868e+08,11740025344
NVIDIA RTX PRO 5000 Blackwell,rna004_fast@v6.0.0,4224,2.14091e+08,11906410496
NVIDIA RTX PRO 5000 Blackwell,rna004_fast@v6.0.0,4288,2.16939e+08,12067631616
NVIDIA RTX PRO 5000 Blackwell,rna004_fast@v6.0.0,4352,2.1953e+08,12233948672
NVIDIA RTX PRO 5000 Blackwell,rna004_fast@v6.0.0,4416,2.12498e+08,12402261504
NVIDIA RTX PRO 5000 Blackwell,rna004_fast@v6.0.0,4480,2.16842e+08,12563745280
NVIDIA RTX PRO 5000 Blackwell,rna004_fast@v6.0.0,4544,2.19939e+08,12725229056
NVIDIA RTX PRO 5000 Blackwell,rna004_fast@v6.0.0,4608,2.13977e+08,12886712832
NVIDIA RTX PRO 5000 Blackwell,rna004_fast@v6.0.0,4672,2.17547e+08,13052955136
NVIDIA RTX PRO 5000 Blackwell,rna004_fast@v6.0.0,4736,2.11421e+08,13219273216
NVIDIA RTX PRO 5000 Blackwell,rna004_fast@v6.0.0,4800,2.14235e+08,13381396992
NVIDIA RTX PRO 5000 Blackwell,rna004_fast@v6.0.0,4864,2.17569e+08,13547328000
NVIDIA RTX PRO 5000 Blackwell,rna004_fast@v6.0.0,4928,2.09952e+08,13708811776
NVIDIA RTX PRO 5000 Blackwell,rna004_fast@v6.0.0,4992,2.12627e+08,13872392704
NVIDIA RTX PRO 5000 Blackwell,rna004_fast@v6.0.0,5056,2.14442e+08,14040376832
NVIDIA RTX PRO 5000 Blackwell,rna004_fast@v6.0.0,5120,2.17447e+08,14200402432
NVIDIA RTX PRO 5000 Blackwell,rna004_fast@v6.0.0,5184,2.10757e+08,14366720512
NVIDIA RTX PRO 5000 Blackwell,rna004_fast@v6.0.0,5248,2.12737e+08,14533007872
NVIDIA RTX PRO 5000 Blackwell,rna004_fast@v6.0.0,5312,2.1485e+08,14694491648
NVIDIA RTX PRO 5000 Blackwell,rna004_fast@v6.0.0,5376,2.17486e+08,14860169728
NVIDIA RTX PRO 5000 Blackwell,rna004_fast@v6.0.0,5440,2.10061e+08,15021653504
NVIDIA RTX PRO 5000 Blackwell,rna004_fast@v6.0.0,5504,2.12331e+08,15187824128
NVIDIA RTX PRO 5000 Blackwell,rna004_fast@v6.0.0,5568,2.13606e+08,15352045056
NVIDIA RTX PRO 5000 Blackwell,rna004_fast@v6.0.0,5632,2.1661e+08,15514167808
NVIDIA RTX PRO 5000 Blackwell,rna004_fast@v6.0.0,5696,2.18986e+08,15680171520
NVIDIA RTX PRO 5000 Blackwell,rna004_fast@v6.0.0,5760,2.10596e+08,15841655296
NVIDIA RTX PRO 5000 Blackwell,rna004_fast@v6.0.0,5824,2.12469e+08,16005236224
NVIDIA RTX PRO 5000 Blackwell,rna004_fast@v6.0.0,5888,2.15302e+08,16175108608
NVIDIA RTX PRO 5000 Blackwell,rna004_fast@v6.0.0,5952,2.17046e+08,16334495232
NVIDIA RTX PRO 5000 Blackwell,rna004_fast@v6.0.0,6016,2.19237e+08,16502270464
NVIDIA RTX PRO 5000 Blackwell,rna004_fast@v6.0.0,6080,2.10364e+08,16661657088
NVIDIA RTX PRO 5000 Blackwell,rna004_fast@v6.0.0,6144,2.11738e+08,16827335168
NVIDIA RTX PRO 5000 Blackwell,rna004_fast@v6.0.0,6208,2.14098e+08,16990916096
NVIDIA RTX PRO 5000 Blackwell,rna004_fast@v6.0.0,6272,2.16272e+08,17152399872
NVIDIA RTX PRO 5000 Blackwell,rna004_fast@v6.0.0,6336,2.16849e+08,17322272256
NVIDIA RTX PRO 5000 Blackwell,rna004_fast@v6.0.0,6400,2.20286e+08,17487950336
NVIDIA RTX PRO 5000 Blackwell,rna004_fast@v6.0.0,6464,2.10875e+08,17649434112
NVIDIA RTX PRO 5000 Blackwell,rna004_fast@v6.0.0,6528,2.12995e+08,17813015040
NVIDIA RTX PRO 5000 Blackwell,rna004_fast@v6.0.0,6592,2.14426e+08,17974498816
NVIDIA RTX PRO 5000 Blackwell,rna004_fast@v6.0.0,6656,2.15309e+08,18140176896
NVIDIA RTX PRO 5000 Blackwell,rna004_fast@v6.0.0,6720,2.18584e+08,18310049280
NVIDIA RTX PRO 5000 Blackwell,rna004_fast@v6.0.0,6784,2.18721e+08,18467338752
NVIDIA RTX PRO 5000 Blackwell,rna004_fast@v6.0.0,6848,2.10077e+08,18633016832
NVIDIA RTX PRO 5000 Blackwell,rna004_fast@v6.0.0,6912,2.11425e+08,18792403456
NVIDIA RTX PRO 5000 Blackwell,rna004_fast@v6.0.0,6976,2.10714e+08,18960178688
NVIDIA RTX PRO 5000 Blackwell,rna004_fast@v6.0.0,7040,2.10826e+08,19123759616
NVIDIA RTX PRO 5000 Blackwell,rna004_fast@v6.0.0,7104,2.17568e+08,19285243392
NVIDIA RTX PRO 5000 Blackwell,rna004_fast@v6.0.0,7168,2.05649e+08,19453018624
NVIDIA RTX PRO 5000 Blackwell,rna004_fast@v6.0.0,7232,2.07119e+08,19614502400
NVIDIA RTX PRO 5000 Blackwell,rna004_fast@v6.0.0,7296,2.08802e+08,19782277632
NVIDIA RTX PRO 5000 Blackwell,rna004_fast@v6.0.0,7360,2.10894e+08,19945858560
NVIDIA RTX PRO 5000 Blackwell,rna004_fast@v6.0.0,7424,2.11089e+08,20107342336
NVIDIA RTX PRO 5000 Blackwell,rna004_fast@v6.0.0,7488,2.13959e+08,20270923264
NVIDIA RTX PRO 5000 Blackwell,rna004_fast@v6.0.0,7552,2.15333e+08,20434504192
NVIDIA RTX PRO 5000 Blackwell,rna004_fast@v6.0.0,7616,2.17164e+08,20602279424
NVIDIA RTX PRO 5000 Blackwell,rna004_fast@v6.0.0,7680,2.16332e+08,20767957504
NVIDIA RTX PRO 5000 Blackwell,rna004_fast@v6.0.0,7744,2.03621e+08,20927344128
NVIDIA RTX PRO 5000 Blackwell,rna004_fast@v6.0.0,7808,2.07621e+08,21093022208
NVIDIA RTX PRO 5000 Blackwell,rna004_fast@v6.0.0,7872,2.09737e+08,21258700288
NVIDIA RTX PRO 5000 Blackwell,rna004_fast@v6.0.0,7936,2.10958e+08,21418086912
NVIDIA RTX PRO 5000 Blackwell,rna004_fast@v6.0.0,8000,2.12389e+08,21585862144
NVIDIA RTX PRO 5000 Blackwell,rna004_fast@v6.0.0,8064,2.14147e+08,21747345920
NVIDIA RTX PRO 5000 Blackwell,rna004_fast@v6.0.0,8128,2.15541e+08,21910926848
NVIDIA RTX PRO 5000 Blackwell,rna004_fast@v6.0.0,8192,2.17396e+08,22078702080
NVIDIA RTX PRO 5000 Blackwell,rna004_fast@v6.0.0,8256,2.18626e+08,22240185856
NVIDIA RTX PRO 5000 Blackwell,rna004_fast@v6.0.0,8320,2.05466e+08,22370212352
NVIDIA RTX PRO 5000 Blackwell,rna004_fast@v6.0.0,8384,2.06887e+08,22498141696
NVIDIA RTX PRO 5000 Blackwell,rna004_fast@v6.0.0,8448,2.0856e+08,22632362496
NVIDIA RTX PRO 5000 Blackwell,rna004_fast@v6.0.0,8512,2.10078e+08,22766583296
NVIDIA RTX PRO 5000 Blackwell,rna004_fast@v6.0.0,8576,2.11191e+08,22892415488
NVIDIA RTX PRO 5000 Blackwell,rna004_fast@v6.0.0,8640,2.10147e+08,23024539136
NVIDIA RTX PRO 5000 Blackwell,rna004_fast@v6.0.0,8704,2.13742e+08,23150371328
NVIDIA RTX PRO 5000 Blackwell,rna004_fast@v6.0.0,8768,2.13818e+08,23282494976
NVIDIA RTX PRO 5000 Blackwell,rna004_fast@v6.0.0,8832,2.17584e+08,23418812928
NVIDIA RTX PRO 5000 Blackwell,rna004_fast@v6.0.0,8896,2.17507e+08,23546742272
NVIDIA RTX PRO 5000 Blackwell,rna004_fast@v6.0.0,8960,2.03652e+08,23676768768
NVIDIA RTX PRO 5000 Blackwell,rna004_fast@v6.0.0,9024,2.0604e+08,23808892416
NVIDIA RTX PRO 5000 Blackwell,rna004_fast@v6.0.0,9088,2.06449e+08,23932627456
NVIDIA RTX PRO 5000 Blackwell,rna004_fast@v6.0.0,9152,2.06348e+08,24066848256
NVIDIA RTX PRO 5000 Blackwell,rna004_fast@v6.0.0,9216,2.09156e+08,24194777600
NVIDIA RTX PRO 5000 Blackwell,rna004_fast@v6.0.0,9280,2.09474e+08,24328998400
NVIDIA RTX PRO 5000 Blackwell,rna004_fast@v6.0.0,9344,2.11191e+08,24461122048
NVIDIA RTX PRO 5000 Blackwell,rna004_fast@v6.0.0,9408,2.10598e+08,24586954240
NVIDIA RTX PRO 5000 Blackwell,rna004_fast@v6.0.0,9472,2.1361e+08,24721175040
NVIDIA RTX PRO 5000 Blackwell,rna004_fast@v6.0.0,9536,2.15196e+08,24847007232
NVIDIA RTX PRO 5000 Blackwell,rna004_fast@v6.0.0,9600,2.14932e+08,24979130880
NVIDIA RTX PRO 5000 Blackwell,rna004_fast@v6.0.0,9664,2.01234e+08,25113351680
NVIDIA RTX PRO 5000 Blackwell,rna004_fast@v6.0.0,9728,2.02866e+08,25241281024
NVIDIA RTX PRO 5000 Blackwell,rna004_fast@v6.0.0,9792,2.03337e+08,25373404672
NVIDIA RTX PRO 5000 Blackwell,rna004_fast@v6.0.0,9856,2.02999e+08,25501334016
NVIDIA RTX PRO 5000 Blackwell,rna004_fast@v6.0.0,9920,2.05729e+08,25631360512
NVIDIA RTX PRO 5000 Blackwell,rna004_fast@v6.0.0,9984,2.04874e+08,25763484160
NVIDIA RTX PRO 5000 Blackwell,rna004_fast@v6.0.0,10048,2.05429e+08,25891413504
NVIDIA RTX PRO 5000 Blackwell,rna004_fast@v6.0.0,10112,2.09288e+08,26027731456
NVIDIA RTX PRO 5000 Blackwell,rna004_fast@v6.0.0,10176,2.11368e+08,26157757952
NVIDIA RTX PRO 5000 Blackwell,rna004_fast@v6.0.0,10240,2.08916e+08,26283590144
NVIDIA RTX PRO 5000 Blackwell,rna004_hac@v6.0.0,64,2.81331e+06,518839808
NVIDIA RTX PRO 5000 Blackwell,rna004_hac@v6.0.0,128,5.49803e+06,1004043264
NVIDIA RTX PRO 5000 Blackwell,rna004_hac@v6.0.0,192,8.24079e+06,1500299776
NVIDIA RTX PRO 5000 Blackwell,rna004_hac@v6.0.0,256,1.09792e+07,1986383872
NVIDIA RTX PRO 5000 Blackwell,rna004_hac@v6.0.0,320,1.35651e+07,2476660736
NVIDIA RTX PRO 5000 Blackwell,rna004_hac@v6.0.0,384,1.56993e+07,2963886592
NVIDIA RTX PRO 5000 Blackwell,rna004_hac@v6.0.0,448,1.83174e+07,3442022400
NVIDIA RTX PRO 5000 Blackwell,rna004_hac@v6.0.0,512,2.09134e+07,3929486848
NVIDIA RTX PRO 5000 Blackwell,rna004_hac@v6.0.0,576,2.23959e+07,4421495808
NVIDIA RTX PRO 5000 Blackwell,rna004_hac@v6.0.0,640,2.39212e+07,4908039168
NVIDIA RTX PRO 5000 Blackwell,rna004_hac@v6.0.0,704,2.59156e+07,5405788672
NVIDIA RTX PRO 5000 Blackwell,rna004_hac@v6.0.0,768,2.71548e+07,5895220736
NVIDIA RTX PRO 5000 Blackwell,rna004_hac@v6.0.0,832,1.82141e+07,6370166784
NVIDIA RTX PRO 5000 Blackwell,rna004_hac@v6.0.0,896,3.03065e+07,6856312320
NVIDIA RTX PRO 5000 Blackwell,rna004_hac@v6.0.0,960,3.62739e+07,7340677632
NVIDIA RTX PRO 5000 Blackwell,rna004_hac@v6.0.0,1024,3.25914e+07,7850253312
NVIDIA RTX PRO 5000 Blackwell,rna004_hac@v6.0.0,1088,2.27242e+07,8320325632
NVIDIA RTX PRO 5000 Blackwell,rna004_hac@v6.0.0,1152,3.8955e+07,8808188416
NVIDIA RTX PRO 5000 Blackwell,rna004_hac@v6.0.0,1216,2.42385e+07,9298749440
NVIDIA RTX PRO 5000 Blackwell,rna004_hac@v6.0.0,1280,3.81328e+07,9788846080
NVIDIA RTX PRO 5000 Blackwell,rna004_hac@v6.0.0,1344,2.67058e+07,10270246400
NVIDIA RTX PRO 5000 Blackwell,rna004_hac@v6.0.0,1408,3.91791e+07,10757520896
NVIDIA RTX PRO 5000 Blackwell,rna004_hac@v6.0.0,1472,2.78102e+07,11249487872
NVIDIA RTX PRO 5000 Blackwell,rna004_hac@v6.0.0,1536,4.11587e+07,11700062720
NVIDIA RTX PRO 5000 Blackwell,rna004_hac@v6.0.0,1600,4.91653e+07,12190084608
NVIDIA RTX PRO 5000 Blackwell,rna004_hac@v6.0.0,1664,2.31514e+07,12670122496
NVIDIA RTX PRO 5000 Blackwell,rna004_hac@v6.0.0,1728,5.3239e+07,13162512384
NVIDIA RTX PRO 5000 Blackwell,rna004_hac@v6.0.0,1792,2.48789e+07,13705712128
NVIDIA RTX PRO 5000 Blackwell,rna004_hac@v6.0.0,1856,2.57842e+07,14127740928
NVIDIA RTX PRO 5000 Blackwell,rna004_hac@v6.0.0,1920,5.12676e+07,14657748480
NVIDIA RTX PRO 5000 Blackwell,rna004_hac@v6.0.0,1984,2.55096e+07,15141758976
NVIDIA RTX PRO 5000 Blackwell,rna004_hac@v6.0.0,2048,2.64528e+07,15635145728
NVIDIA RTX PRO 5000 Blackwell,rna004_hac@v6.0.0,2112,5.86243e+07,16122769408
NVIDIA RTX PRO 5000 Blackwell,rna004_hac@v6.0.0,2176,2.79227e+07,16604046336
NVIDIA RTX PRO 5000 Blackwell,rna004_hac@v6.0.0,2240,2.87573e+07,17092243968
NVIDIA RTX PRO 5000 Blackwell,rna004_hac@v6.0.0,2304,5.93424e+07,17575638528
NVIDIA RTX PRO 5000 Blackwell,rna004_hac@v6.0.0,2368,2.35459e+07,18073170944
NVIDIA RTX PRO 5000 Blackwell,rna004_hac@v6.0.0,2432,3.61008e+07,18560486912
NVIDIA RTX PRO 5000 Blackwell,rna004_hac@v6.0.0,2496,2.47684e+07,18986812416
NVIDIA RTX PRO 5000 Blackwell,rna004_hac@v6.0.0,2560,6.32314e+07,19550373376
NVIDIA RTX PRO 5000 Blackwell,rna004_hac@v6.0.0,2624,2.58827e+07,19960303104
NVIDIA RTX PRO 5000 Blackwell,rna004_hac@v6.0.0,2688,6.38241e+07,20531319808
NVIDIA RTX PRO 5000 Blackwell,rna004_hac@v6.0.0,2752,2.72494e+07,20992525824
NVIDIA RTX PRO 5000 Blackwell,rna004_hac@v6.0.0,2816,6.38353e+07,21414955520
NVIDIA RTX PRO 5000 Blackwell,rna004_hac@v6.0.0,2880,2.83912e+07,21962984960
NVIDIA RTX PRO 5000 Blackwell,rna004_hac@v6.0.0,2944,4.07873e+07,22454917632
NVIDIA RTX PRO 5000 Blackwell,rna004_hac@v6.0.0,3008,2.68645e+07,22945783296
NVIDIA RTX PRO 5000 Blackwell,rna004_hac@v6.0.0,3072,6.64501e+07,23429248000
NVIDIA RTX PRO 5000 Blackwell,rna004_hac@v6.0.0,3136,2.48681e+07,23908304384
NVIDIA RTX PRO 5000 Blackwell,rna004_hac@v6.0.0,3200,4.73131e+07,24400284672
NVIDIA RTX PRO 5000 Blackwell,rna004_hac@v6.0.0,3264,3.86498e+07,24888762368
NVIDIA RTX PRO 5000 Blackwell,rna004_hac@v6.0.0,3328,2.62087e+07,25375451136
NVIDIA RTX PRO 5000 Blackwell,rna004_hac@v6.0.0,3392,2.67634e+07,25791975936
NVIDIA RTX PRO 5000 Blackwell,rna004_hac@v6.0.0,3456,4.08398e+07,26349787136
NVIDIA RTX PRO 5000 Blackwell,rna004_hac@v6.0.0,3520,4.85324e+07,26762693120
NVIDIA RTX PRO 5000 Blackwell,rna004_hac@v6.0.0,3584,2.50156e+07,27327572480
NVIDIA RTX PRO 5000 Blackwell,rna004_hac@v6.0.0,3648,2.54195e+07,27814966784
NVIDIA RTX PRO 5000 Blackwell,rna004_hac@v6.0.0,3712,2.58796e+07,28220976128
NVIDIA RTX PRO 5000 Blackwell,rna004_hac@v6.0.0,3776,2.63325e+07,28777127424
NVIDIA RTX PRO 5000 Blackwell,rna004_hac@v6.0.0,3840,4.91196e+07,29270246400
NVIDIA RTX PRO 5000 Blackwell,rna004_hac@v6.0.0,3904,2.34159e+07,29757245952
NVIDIA RTX PRO 5000 Blackwell,rna004_hac@v6.0.0,3968,3.89748e+07,30163823616
NVIDIA RTX PRO 5000 Blackwell,rna004_hac@v6.0.0,4032,5.54779e+07,30734906880
NVIDIA RTX PRO 5000 Blackwell,rna004_hac@v6.0.0,4096,3.63259e+07,31223162368
NVIDIA RTX PRO 5000 Blackwell,rna004_hac@v6.0.0,4160,2.48166e+07,31707197952
NVIDIA RTX PRO 5000 Blackwell,rna004_hac@v6.0.0,4224,5.78101e+07,32145722368
NVIDIA RTX PRO 5000 Blackwell,rna004_hac@v6.0.0,4288,2.55177e+07,32684466176
NVIDIA RTX PRO 5000 Blackwell,rna004_hac@v6.0.0,4352,3.84491e+07,33167739392
NVIDIA RTX PRO 5000 Blackwell,rna004_hac@v6.0.0,4416,5.65256e+07,33639391232
NVIDIA RTX PRO 5000 Blackwell,rna004_hac@v6.0.0,4480,3.98147e+07,34150825984
NVIDIA RTX PRO 5000 Blackwell,rna004_hac@v6.0.0,4544,2.69399e+07,34636810752
NVIDIA RTX PRO 5000 Blackwell,rna004_hac@v6.0.0,4608,5.84347e+07,35116790784
NVIDIA RTX PRO 5000 Blackwell,rna004_hac@v6.0.0,4672,2.31298e+07,35603608576
NVIDIA RTX PRO 5000 Blackwell,rna004_hac@v6.0.0,4736,2.35011e+07,36107883008
NVIDIA RTX PRO 5000 Blackwell,rna004_hac@v6.0.0,4800,2.36585e+07,36586311680
NVIDIA RTX PRO 5000 Blackwell,rna004_hac@v6.0.0,4864,2.41099e+07,37077380608
NVIDIA RTX PRO 5000 Blackwell,rna004_hac@v6.0.0,4928,6.27243e+07,37554013184
NVIDIA RTX PRO 5000 Blackwell,rna004_hac@v6.0.0,4992,2.47636e+07,38039896064
NVIDIA RTX PRO 5000 Blackwell,rna004_hac@v6.0.0,5056,2.45994e+07,38447319552
NVIDIA RTX PRO 5000 Blackwell,rna004_hac@v6.0.0,5120,2.79039e+07,38911727616
NVIDIA RTX PRO 5000 Blackwell,rna004_hac@v6.0.0,5184,2.48595e+07,39409889792
NVIDIA RTX PRO 5000 Blackwell,rna004_hac@v6.0.0,5248,2.5013e+07,39994183168
NVIDIA RTX PRO 5000 Blackwell,rna004_hac@v6.0.0,5312,2.84005e+07,40400306688
NVIDIA RTX PRO 5000 Blackwell,rna004_hac@v6.0.0,5376,6.25556e+07,41027041792
NVIDIA RTX PRO 5000 Blackwell,rna004_hac@v6.0.0,5440,4.7849e+07,41356999680
NVIDIA RTX PRO 5000 Blackwell,rna004_hac@v6.0.0,5504,3.75305e+07,41841572864
NVIDIA RTX PRO 5000 Blackwell,rna004_hac@v6.0.0,5568,3.82114e+07,42325149696
NVIDIA RTX PRO 5000 Blackwell,rna004_hac@v6.0.0,5632,3.8395e+07,42325021184
NVIDIA RTX PRO 5000 Blackwell,rna004_sup@v6.0.0,32,8.24568e+06,2106409984
NVIDIA RTX PRO 5000 Blackwell,rna004_sup@v6.0.0,64,9.84423e+06,3280849408
NVIDIA RTX PRO 5000 Blackwell,rna004_sup@v6.0.0,96,1.05176e+07,4455812608
NVIDIA RTX PRO 5000 Blackwell,rna004_sup@v6.0.0,128,1.04851e+07,5647553536
NVIDIA RTX PRO 5000 Blackwell,rna004_sup@v6.0.0,160,1.07491e+07,6837328384
NVIDIA RTX PRO 5000 Blackwell,rna004_sup@v6.0.0,192,1.09524e+07,8025464832
NVIDIA RTX PRO 5000 Blackwell,rna004_sup@v6.0.0,224,1.07209e+07,9216059904
NVIDIA RTX PRO 5000 Blackwell,rna004_sup@v6.0.0,256,1.10705e+07,10415041536
NVIDIA RTX PRO 5000 Blackwell,rna004_sup@v6.0.0,288,1.11309e+07,11598983680
NVIDIA RTX PRO 5000 Blackwell,rna004_sup@v6.0.0,320,1.09086e+07,12797704192
NVIDIA RTX PRO 5000 Blackwell,rna004_sup@v6.0.0,352,1.10119e+07,13978534912
NVIDIA RTX PRO 5000 Blackwell,rna004_sup@v6.0.0,384,1.12938e+07,15174011392
